Stad;Sector;Bedrijf;Telefoon;Website;Rating;Reviews;Adres
Rotterdam;Makelaardij;Ruseler Makelaars Nesselande;+31 10 222 0060;https://ruseler-rijnmond.nl/;4.4;19;Corsicalaan 31 3059 XX Rotterdam
Rotterdam;Makelaar;Voorberg NVM Makelaars Nesselande;+31 10 311 0039;http://www.voorberg.nl/;4.6;67;Otto van Tussenbroekstraat 101 3059 LR Rotterdam
Rotterdam;Makelaardij;HMJ Makelaardij;+31 10 251 9033;http://www.hmj.nl/;4.8;28;Jacob van Campenplein 67 3067 LA Rotterdam
Rotterdam;Makelaardij;Makelaarskantoor G. Kok B.V.;+31 10 418 1108;http://www.gkok.nl/;4.5;28;Burgemeester F.H. van Kempensingel 12 3055 BJ Rotterdam
Rotterdam;Makelaardij;VERRA Makelaars Hillegersberg;+31 10 333 2182;https://www.verra.nl/;5.0;124;Weissenbruchlaan 168 3054 LS Rotterdam
Rotterdam;Loodgieter;Loodgieter Jansen;+31 10 307 0700;https://loodgieter-jansen.nl/;4.8;17;Caprihof 21 3059 XP Rotterdam
Rotterdam;Loodgieter;D. van Gils Installatietechniek;+31 6 21596931;https://www.vangilsinstallatie.nl/;4.9;204;Laan van Avant-Garde 454 3059 VA Rotterdam
Rotterdam;Loodgieter;Goedkope Loodgieter Rotterdam;+31 10 307 0858;https://goedkopeloodgieters.nl/;4.8;127;Nat King Colesingel 25 3069 XH Rotterdam
Rotterdam;Loodgieter;Loodgieters Veenstra (MTS Service Group);+31 10 766 0119;https://loodgieters-veenstra.nl/loodgieter-rotterdam;5.0;8;Rotterdam
Rotterdam;Loodgieter;Vloerverwarming Jansen;+31 85 109 8899;https://vloerverwarmingjansen.nl/;5.0;24;Maurice van Kleefstraat 10 3069 RZ Rotterdam
Rotterdam;Loodgieter;Stadi Installatietechniek;+31 10 521 0478;http://www.stadi.nl/;;;Christa Ehrlichhof 67 3059 LL Rotterdam
Rotterdam;Tandarts;Tandartsenpraktijk Tol;+31 10 482 6446;http://www.tandartsenpraktijktol.nl/;4.7;280;Backershagen 174 3078 SB Rotterdam
Rotterdam;Tandarts;Tandenwaard;+31 10 818 0165;http://www.tandenwaard.nl/;4.7;18;Oude Watering 263 3077 RG Rotterdam
Rotterdam;Tandarts;MONDZORGIJSSELMONDE;+31 10 751 5561;http://mondzorgijsselmonde.nl/;;;Ambachtsheerstraat 44 3077 GJ Rotterdam
Rotterdam;Tandarts;Tandartspraktijk Keizerswaard;+31 10 303 7260;https://www.tandartskeizerswaard.nl/;4.8;63;Keizerswaard 22 3078 AM Rotterdam
Capelle aan den IJssel;Tandarts;SurgeryTime Dental;+31 6 46577465;https://surgerytimedental.com/;4.8;35;Rivium Boulevard 34 2909 LK Capelle aan den IJssel
Rotterdam;Tandarts;R.r.m. Eijsink Tandarts;+31 10 482 3846;;5.0;10;Mirretuin 10 3078 KH Rotterdam
Rotterdam;Fysiotherapie;Fysiotherapie Beverwaard (Zovida);+31 10 479 9641;https://zovida.nl/beverwaard/fysiotherapie/;4.8;6;Boxbergenstraat 11 3077 JS Rotterdam
Rotterdam;Fysiotherapie;Fysiotherapie Rijnmond IJsselmonde;+31 10 438 6611;http://www.fysiotherapierijnmond.nl/;4.4;15;Backershagen 10 3078 SB Rotterdam
Rotterdam;Tandarts;Max Dental Center B.V.;+31 10 720 0936;https://www.maxdentalcenter.nl/;3.5;76;Sportlaan 1 3078 WR Rotterdam
Rotterdam;Tandarts;Hogadent;+31 10 483 0372;;4.2;5;Taselaarstraat 11 3078 VM Rotterdam
Rotterdam;Tandarts;Tandartspraktijk Molenaar;+31 10 483 4800;http://www.tandartspraktijkmolenaar.nl/;4.8;13;Oude Watering 41 3077 XN Rotterdam
Rotterdam;Fysiotherapie;Fysiotherapie Rijnmond Keizerswaard;+31 181 745 040;https://www.fysiotherapierijnmond.nl/IJsselmonde-keizerswaard;5.0;3;Herenwaard 38 3078 AK Rotterdam
Rotterdam;Fysiotherapie;Cure+ Fysiotherapie;+31 10 307 2004;http://www.cureplus.nl/;5.0;1;Burgemeester Hazenberglaan 411 3078 HG Rotterdam
Rotterdam;Fysiotherapie;SP Fysio;+31 10 482 7757;https://www.sp-fysio.nl/;;;Mirretuin 9 3078 KH Rotterdam
Rotterdam;Loodgieter;RLS Loodgieter;+31 6 28957553;https://rlsloodgieter.nl/;4.8;24;Rotterdam
Rotterdam;Loodgieter;Loodgieter Rotterdam Oost;+31 6 83849938;;5.0;83;Fascinatio Boulevard 216 3065 WB Rotterdam
Rotterdam;Makelaardij;Van der Wiel Makelaardij;+31 10 497 8441;https://www.wielmak.nl/;4.5;132;Bredenoord 2 3079 JE Rotterdam
Rotterdam;Makelaardij;Makelaarskantoor Langejan;+31 10 272 0000;https://www.langejan.com/;4.2;25;Oudedijk 25 3062 AC Rotterdam
Rotterdam;Makelaardij;Schieland Borsboom NVM Makelaars;+31 10 311 0011;https://www.schielandborsboom.nl/;4.5;58;Lichtenauerlaan 122 3062 ME Rotterdam
Rotterdam;Loodgieter;Installatiebedrijf Mano;+31 10 261 3132;https://www.installatiebedrijfmano.nl/;5.0;13;Rotterdam
Rotterdam;Makelaardij;Mansion Makelaardij;+31 10 307 6720;https://www.mansionmakelaardij.nl/;4.3;17;Fascinatio Boulevard 220 3065 WB Rotterdam
Rotterdam;Vastgoedbeheer;Vastestate Vastgoedmanagement;+31 900 1402;http://www.vastestate.nl/;2.1;43;Kralingseweg 221 3062 CE Rotterdam
Rotterdam;Loodgieter;Larmonie Warmte & Klusbedrijf;+31 6 24182158;;5.0;7;Beesdestraat 62 3077 HB Rotterdam
Rotterdam;Fysiotherapie;Fysiotherapie De Boei;+31 10 462 4955;http://www.fysiotherapiedeboei.nl/;5.0;46;Boeierstraat 3 3028 XA Rotterdam
Rotterdam;Fysiotherapie;Living-Fit Fysiotherapie Heijplaat;+31 10 416 3847;http://www.living-fit.nl/;5.0;3;Victorieuxstraat 80 3089 PX Rotterdam
Rotterdam;Fysiotherapie;Fysiotherapie Mazzinilaan (J. van Hoorn);+31 6 15304358;http://www.fysiotherapiejvanhoorn.nl/;;;Streefkerkstraat 2A 3089 PW Rotterdam
Rotterdam;Fysiotherapie;FYSIOPLAN Rotterdam;+31 10 462 4955;http://www.fysioplan.nl/;5.0;112;Van Nelleweg 1 gebouw 10 3044 BC Rotterdam
Rotterdam;Fysiotherapie;Fysiotherapie West;+31 10 262 2860;http://www.fysiotherapiewest.nl/;4.0;6;Mathenesserweg 46-A 3026 HC Rotterdam
Rotterdam;Rijschool;Autorijschool Eminent;+31 10 456 3354;https://www.autorijschooleminent.nl/;4.8;26;Piet Mondriaansingel 42 3059 PG Rotterdam
Rotterdam;Rijschool;Autorijschool Rij Lekker;+31 10 455 3404;;4.6;59;Jan Sirksstraat 9 3059 TJ Rotterdam
Rotterdam;Rijschool;Rotjeknor (Rijbewijsje);+31 6 34379425;http://rijbewijsjerotjeknor.nl/;5.0;66;Dirk Costerstraat 8 3069 WE Rotterdam
Rotterdam;Rijschool;Rijschool Rotterdam;+31 6 41450215;https://rijschoolrotterdam.nl/;5.0;46;Albert Camusplaats 117 3069 BW Rotterdam
Rotterdam;Rijschool;OMW Rijschool;+31 6 29292522;https://rijschoolomw.nl/;5.0;87;Zevenkampse Ring 225 3068 PZ Rotterdam
Rotterdam;Rijschool;Autorijschool FORZA;+31 6 28753501;http://rijschoolforza.nl/;4.9;58;Carry van Bruggensingel 101 3069 WD Rotterdam
Rotterdam;Rijschool;Rij je Blij;+31 6 38057034;https://www.rijjeblij.nl/;;;Laurens van Kuikstraat 3059 TE Rotterdam
Rotterdam;Rijschool;LesGO (Remmelt Bruins Slot);+31 85 401 7199;https://lesgo.nl/;4.9;18;Adriaan Roland Holststraat 23 3069 WK Rotterdam
Rotterdam;Rijschool;Rijmeesters.nl;+31 6 37339088;http://www.rijmeesters.nl/;4.9;76;Hoornklaver 39 3069 DE Rotterdam
Rotterdam;Rijschool;Rijschool Franklin;+31 6 21363615;https://rijschoolfranklin.nl/;5.0;30;Albert Schweitzerplaats 421 3069 GL Rotterdam
Rotterdam;Advocaat;e-Legal incasso advocaten;+31 10 820 0284;https://e-legal.nl/;4.4;696;Prins Alexanderplein 9 3067 GC Rotterdam
Rotterdam;Advocaat;Het Lage Land Advocatenkantoor;+31 10 220 5722;;4.6;5;Marshallweg 47 3068 JN Rotterdam
Rotterdam;Advocaat;SAR Advocaten;+31 10 313 8944;https://www.sar-advocaten.nl/;4.8;217;Mathenesserplein 99B 3023 LA Rotterdam
Rotterdam;Advocaat;Sett Advocaten;+31 10 313 2206;https://www.settadvocaten.nl/;5.0;55;Baan 34 H7 3011 CB Rotterdam
Rotterdam;Advocaat;Moree Gelderblom;+31 10 477 6777;http://www.moreegelderblom.nl/;4.7;331;Heemraadssingel 157 3022 CE Rotterdam
Rotterdam;Advocaat;SØRENSEN Advocaten;+31 10 249 2444;https://sorensenadvocaten.nl/;4.9;65;Turfweg 75 3065 AJ Rotterdam
Rotterdam;Advocaat;Mieke Krol Advocaten;+31 10 820 8838;http://www.miekekrol.nl/;4.7;191;Kleiweg 151 3051 GN Rotterdam
Rotterdam;Advocaat;Defence Advocaten;+31 10 322 0005;http://www.defence-advocaten.com/;4.9;114;Jericholaan 44b 3061 HG Rotterdam
Rotterdam;Advocaat;Hammersmith Advocatenkantoor;+31 10 226 3928;http://hammersmith.nl/;4.6;45;Achterharingvliet 38-40 3011 TC Rotterdam
Rotterdam;Advocaat;Advocatenkantoor Van Hecke;+31 10 313 5256;http://www.advocatenkantoorvanhecke.nl/;5.0;58;Weena 290 3012 NJ Rotterdam
Rotterdam;Notaris;010Notaris;+31 10 767 1700;http://www.010notaris.nl/;3.7;93;Hoofdweg 236 3067 GJ Rotterdam
Rotterdam;Notaris;Westvaer Rotterdam;+31 85 013 3600;https://westvaer.nl/;4.5;70;Weena 798 A 3014 DA Rotterdam
Rotterdam;Notaris;De Randamie & Verstoep Notarissen;+31 10 433 0355;http://www.drv-notarissen.nl/;3.5;26;Posthoornstraat 13-15 3011 WD Rotterdam
Rotterdam;Notaris;Nouwen Notarissen;+31 10 285 8686;http://www.nouwen-notarissen.nl/;3.8;11;Argonautenweg 17 3054 RP Rotterdam
Rotterdam;Notaris;VAD Notarissen NV;+31 10 242 5400;http://www.vadnotarissen.nl/;3.3;7;Lichtenauerlaan 102 3062 ME Rotterdam
Rotterdam;Notaris;Kooijman Autar Notarissen;+31 10 285 8888;https://www.kooijmanautar.nl/;3.8;72;Straatweg 7 3051 BA Rotterdam
Rotterdam;Notaris;Beurs Notaris;+31 10 313 6977;https://www.beursnotaris.nl/;3.4;16;Wilhelminaplein 1 40 3072 DE Rotterdam
Rotterdam;Notaris;Fokkema Linssen Notarissen;+31 10 476 2688;http://www.fokkemalinssen.nl/;3.2;29;Heemraadssingel 131 3022 CD Rotterdam
Rotterdam;Huidtherapie;Huidtherapeut;+31 88 505 3200;http://www.huidtherapeut.nl/;4.7;52;Pegasusweg 200 3067 KX Rotterdam
Rotterdam;Schoonheid;HappyNesse BeautyCare;+31 6 53113517;http://www.happynesse.nl/;4.8;36;Ossip Zadkinestraat 19 3059 VL Rotterdam
Rotterdam;Huidtherapie;De Huidtherapie Kliniek Rotterdam;+31 10 314 0006;https://www.dehuidtherapiekliniek.nl/;4.6;123;Bergselaan 319C 3038 CH Rotterdam
Rotterdam;Huidtherapie;De Huidkliniek;+31 88 224 0300;https://dehuidkliniek.nl/;4.7;58;Westblaak 101 3012 JJ Rotterdam
Rotterdam;Huidtherapie;Derma Sensation Rotterdam;+31 10 307 4815;http://www.dermasensation.nl/;4.3;125;Jacob van Campenplein 124 3067 KV Rotterdam
Rotterdam;Huidtherapie;Dermarose;+31 10 785 3592;https://www.dermarose.nl/;4.8;60;Bergweg 301A 3037 EN Rotterdam
Rotterdam;Huidtherapie;Cosmetique Totale Rotterdam Noord;+31 85 902 2080;https://www.cosmetique-totale.com/;4.7;110;Jonker Fransstraat 114a 3031 AX Rotterdam
Rotterdam;Huidtherapie;skin-prof;+31 6 31926001;https://www.skin-prof.nl/;5.0;70;Nieuwe Binnenweg 91 3014 PA Rotterdam
Rotterdam;Huidtherapie;Apollo Huid- en Laserkliniek;+31 10 261 5015;https://www.apollobeauty.nl/;4.8;217;Pannekoekstraat 80A 3011 LM Rotterdam
Rotterdam;Schoonheid;Noor Skin Clinic;+31 6 85389856;http://www.noorclinics.nl/;5.0;336;Vliekplein 13 3077 PR Rotterdam
Rotterdam;Schoonheid;Beleza Beautycentrum;+31 6 55707154;http://www.belezabeautycentrum.nl/;4.6;88;Nijenrodeweg 24 3077 ES Rotterdam
Rotterdam;Schoonheid;Rotterdam Lash and Brow;+31 6 38075774;https://instagram.com/rotterdam_lash_brow;5.0;57;Kameraarstraat 3 3077 GX Rotterdam
Rotterdam;Schoonheid;Perfect Laser & Beauty;+31 6 34272951;http://www.perfectlaserbeauty.nl/;5.0;12;Spitsenhagen 17 3078 BN Rotterdam
Rotterdam;Schoonheid;Sense of Self Beauty Studio;+31 6 41750710;;;;Jan Schoutenstraat 29 3065 PD Rotterdam
Rotterdam;Schoonheid;Danielle's schoonheidssalon en pedicure;+31 6 39232441;http://danielleschoonheids-pedicuresalon.nl/;5.0;19;IJsselmondselaan 189b 3064 AS Rotterdam
Rotterdam;Nagelstudio;Nailbar 010;+31 6 18712340;http://www.nailbar010.nl/;4.8;25;Eckartstraat 47 3077 XD Rotterdam
Rotterdam;Schoonheid;Jehona Nails & Beauty;+31 6 34117327;https://www.jehonanailsbeauty.com/;5.0;1;Oude Watering 188 3077 RD Rotterdam
Rotterdam;Schoonheid;Avalon Beauty Salon;+31 6 14318173;;5.0;5;Backershagen 176 a 3078 SB Rotterdam
Rotterdam;Nagelstudio;Susie Nails Rotterdam;+31 6 84637010;https://www.susienailsrotterdam.nl/;5.0;1;Benedenrijweg 231 3077 CD Rotterdam
Rotterdam;Dierenarts;AniCura Dierenkliniek Capelle;+31 10 450 2916;http://www.anicura.nl/rotterdam-capelle;4.4;237;Kralingseweg 343 3065 RC Rotterdam
Rotterdam;Dierenarts;Basic Vets Clinic;+31 85 822 1500;http://www.basicvets.nl/;4.4;330;Riekeroord 15 3079 LT Rotterdam
Rotterdam;Dierenarts;Dierenkliniek IJsselmonde;+31 85 273 1919;https://www.dierenkliniekridderkerk.nl/;4.4;238;Kerstendijk 7 3079 ET Rotterdam
Rotterdam;Dierenarts;Dierenziekenhuis Rotterdam;+31 10 492 5151;http://www.dierenziekenhuis.nl/;3.8;179;Pascalweg 4 3076 JP Rotterdam
Rotterdam;Dierenarts;AniCura Dierenkliniek Kralingen;+31 10 414 5049;http://www.anicura.nl/rotterdam-kralingen;4.5;175;Oostzeedijk Beneden 93-95 3061 VP Rotterdam
Rotterdam;Dierenarts;Dierenkliniek Rotterdam Zuid;+31 10 429 0178;https://www.dierenkliniekrotterdamzuid.nl/;4.5;595;Roerdomplaan 2 3084 NM Rotterdam
Rotterdam;Dierenarts;Dierenkliniek D.C.I. van der Star;+31 10 291 0060;http://www.dierenkliniekvanderstar.nl/;4.7;354;La Fontainestraat 7 3076 VE Rotterdam
Rotterdam;Dierenarts;Dierenkliniek Kralingen;+31 10 452 6695;http://dierenkliniekkralingen.nl/;4.7;295;Oudedijk 197B 3061 AD Rotterdam
Rotterdam;Dierenarts;AniCura Ommoord-Hillegersberg;+31 10 420 6666;http://www.anicura.nl/rotterdam-ommoord-hillegersberg;4.0;209;Ommoordseweg 25 3056 JN Rotterdam
Rotterdam;Kapper;SemSalon;+31 6 25114856;http://semsalon.nl/;5.0;22;Waardenburgdam 15 3077 JM Rotterdam
Rotterdam;Kapper;Hair By Jerusalem;+31 6 44440478;;5.0;41;Backershagen 10B 3078 SB Rotterdam
Rotterdam;Kapper;Kapsalon Beverwaard;+31 10 482 1317;;3.7;3;Schinnenbaan 130 3077 JJ Rotterdam
Rotterdam;Kapper;Take C'hair Rotterdam;+31 10 202 3252;https://www.take-chair.nl/rotterdam;4.7;94;Jacques Dutilhweg 197 3065 KA Rotterdam
Rotterdam;Kapper;Kapsalon Hairfy;+31 6 48106699;;4.8;121;Prinsenplein 56 a 3078 GX Rotterdam
Rotterdam;Kapper;Kapsalon Feijenoord;+31 6 12790886;http://kapsalonfeijenoord.nl/;4.7;60;Nieuwenoord 261 3079 LK Rotterdam
Rotterdam;Kapper;BrainWash Kappers IJsselmonde;+31 10 820 8739;https://www.brainwash-kappers.nl/;4.1;167;Kouwenoord 85 3079 LG Rotterdam
Rotterdam;Kapper;Hatam Kapsalon;+31 6 81557971;;4.5;200;Keizerswaard 17 3078 AL Rotterdam
Rotterdam;Kapper;KapsalonWahid;+31 10 795 1895;https://kapsalonwahid.nl/;4.8;96;Samuel Esmeijerplein 12 3067 HP Rotterdam
Rotterdam;Autobedrijf;Aura Car Center;+31 10 291 9404;https://www.auracarcenter.nl/;4.8;45;Cannenburchstraat 145 3077 PC Rotterdam
Rotterdam;Autobedrijf;Autobedrijf Rotterdam;+31 10 795 3461;http://www.autobedrijfrotterdam.com/;4.8;343;Berkenwoudestraat 15 3076 JA Rotterdam
Rotterdam;Autobedrijf;Autocenter Mollevanger;+31 10 482 3858;https://www.automollevanger.nl/;4.0;42;Beverwaardseweg 293 3077 GL Rotterdam
Rotterdam;Autobedrijf;Falak Autobedrijf;+31 10 314 0683;https://falakautobedrijf.nl/;4.6;48;Benedenrijweg 447 3077 CJ Rotterdam
Rotterdam;Autobedrijf;Autobedrijf Mondial;+31 6 55320991;http://www.automondial.nl/;3.5;42;Benedenrijweg 219 3077 CD Rotterdam
Rotterdam;Autobedrijf;IJsselmonde Autos;+31 10 846 1225;http://www.ijsselmonde-autos.nl/;4.8;87;Burgemeester van Slijpelaan 3B 3077 AC Rotterdam
Rotterdam;Autobedrijf;Servicestation Tuinenhoven (Broekhuizen);+31 10 482 0649;;4.8;52;Taselaarstraat 9 3078 VM Rotterdam
Rotterdam;Autobedrijf;Fiat Zeeuw Automotive;+31 10 202 0561;https://www.zeeuw.nl/;4.4;225;Jacques Dutilhweg 443 3065 HJ Rotterdam
Rotterdam;Autobedrijf;Autoservice DIJK;+31 10 237 3900;http://autoservicedijk.nl/;4.9;621;Huniahof 2 3079 ER Rotterdam
Capelle aan den IJssel;Tandarts;De Tandarts Dichtbij;+31 10 310 5211;https://www.detandartsdichtbij.nl/;3.7;3;Hollandsch Diep 63p 2904 EP Capelle aan den IJssel
Capelle aan den IJssel;Tandarts;Dental Network Capelle Centrum;+31 10 766 7000;https://www.dentalnetwork.nl/;4.5;429;Duikerlaan 262 2903 AC Capelle aan den IJssel
Capelle aan den IJssel;Tandarts;Match Tandartsen;+31 10 442 0098;http://www.matchtandartsen.nl/;4.7;274;Stellingmolen 14 2906 SH Capelle aan den IJssel
Capelle aan den IJssel;Tandarts;Tjan Tandheelkunde;+31 10 258 1808;http://tjantandheelkunde.nl/;4.8;17;Voltairetuin 2 2908 XJ Capelle aan den IJssel
Capelle aan den IJssel;Tandarts;Dental Clinique;+31 10 503 6127;https://dentalclinique.nl/;5.0;16;De Linie 5C 2905 AX Capelle aan den IJssel
Capelle aan den IJssel;Tandarts;Dental Network Capelle Oostgaarde;+31 10 451 8228;https://www.dentalnetwork.nl/;4.7;98;De Linie 14 2905 AX Capelle aan den IJssel
Vlaardingen;Tandarts;Tandartsenpraktijk Vlaardingen;+31 10 307 5487;http://www.tpvlaardingen.nl/;4.1;60;Reigerlaan 28-30 3136 JK Vlaardingen
Vlaardingen;Tandarts;Tandartsenpraktijk Vlaardingen-Oost;+31 10 434 8666;http://www.tpvlaardingenoost.nl/;4.4;62;Schiedamseweg 153 3134 BH Vlaardingen
Vlaardingen;Tandarts;Tandartspraktijk Vlaardingen Holy;+31 10 474 1966;https://www.tandartspraktijkvlaardingenholy.nl/;3.7;3;Churchillsingel 410 3137 XB Vlaardingen
Vlaardingen;Tandarts;Tandartspraktijk Vlaardingen Ambacht;+31 10 434 3332;https://www.tandartspraktijkambacht.nl/;4.7;33;Voorstraat 39 3135 HW Vlaardingen
Vlaardingen;Tandarts;Hogendorp Dental;+31 10 303 6739;https://www.hogendorpdental.nl/;4.9;21;Van Hogendorplaan 905 3135 BK Vlaardingen
Schiedam;Loodgieter;Loodgietersbedrijf van Arkel;+31 10 473 8036;http://www.loodgietervanarkel.nl/;4.7;69;Gerardus Blankenheymstraat 43 3117 ZA Schiedam
Schiedam;Loodgieter;Jeroen Verkade Loodgieter/Dakwerk;+31 6 51212974;http://jeroen-verkade.nl/;5.0;18;Polderweg 160 3125 KG Schiedam
Schiedam;Loodgieter;Loodgietersbedrijf J.J. Petit;+31 10 471 4879;http://www.loodgietersbedrijfpetit.nl/;4.2;18;Groeneweg 52 3124 KA Schiedam
Steenbergen;Loodgieter;Oomen Loodgieters;+31 6 10067006;http://etten-leur-loodgieter.nl/;5.0;47;Vriezendijk 11 4651 ZS Steenbergen
Schiedam;Loodgieter;HS-Rioolservice;+31 6 38139909;https://hs-rioolservice.nl/;4.9;39;Cartesiusstraat 31A 3112 XK Schiedam
Schiedam;Loodgieter;LIPS Riool;+31 6 10529779;https://lipsriool.nl/;5.0;54;Blikslagerstraat 25 3123 PL Schiedam
Dordrecht;Fysiotherapie;Fysiotherapie Dubbeldam;+31 78 616 0536;https://www.fysio-dubbeldam.nl/;4.8;59;Gravensingel 1009 3319 EV Dordrecht
Dordrecht;Fysiotherapie;Paramedisch Centrum Drechtsteden;+31 78 202 1022;http://paramedischcentrumdrechtsteden.nl/;5.0;129;Jan Valsterweg 54 3315 LG Dordrecht
Dordrecht;Fysiotherapie;Spierea Fysiotherapie (OneFysio);+31 78 204 9198;http://www.spierea.nl/;5.0;12;Spirea 9 3317 JP Dordrecht
Dordrecht;Fysiotherapie;Fysico Next;+31 6 16314484;https://www.fysicodordrecht.nl/;5.0;7;Vissersdijk Beneden 30 3319 GW Dordrecht
Dordrecht;Fysiotherapie;Fysiotherapie van de Koppel;+31 6 12231191;https://www.fysiotherapievandekoppel.nl/;5.0;20;Amnesty Internationalweg 35 3318 AZ Dordrecht
Dordrecht;Fysiotherapie;FysiCo;+31 78 200 1620;http://www.fysicodordrecht.nl/;5.0;52;Oranjelaan 11 3311 DH Dordrecht
Spijkenisse;Loodgieter;MR Loodgieter Spijkenisse;+31 85 019 8272;https://mrloodgieterspijkenisse.nl/;5.0;2;Curieweg 7 3208 KJ Spijkenisse
Spijkenisse;Loodgieter;AA Loodgieter-Installatie;+31 6 41375921;https://www.aaloodgieter.nl/;5.0;19;Wagnerlaan 39 3208 BN Spijkenisse
Spijkenisse;Loodgieter;Sanitair Service Bubbels;+31 6 25274077;http://www.loodgietersbedrijfsanitairservicebubbels.nl/;4.9;56;Elementenweg 22 3201 LG Spijkenisse
Spijkenisse;Loodgieter;Wolthuis Rioolservice;+31 181 201 919;http://www.wolthuisrioolservice.nl/;4.8;65;Edisonweg 7-05 3208 KB Spijkenisse
Spijkenisse;Loodgieter;Loodgieter Bakr;+31 6 40755336;https://loodgieterbakr.nl/;4.6;14;Spijkenisse
Spijkenisse;Loodgieter;LVDS Loodgieters;+31 6 14953410;https://www.lvdsloodgieters.nl/;5.0;6;Spijkenisse
Capelle aan den IJssel;Fysiotherapie;FysioCapelle;+31 10 264 0440;http://www.fysiocapelle.nl/;4.3;50;Filosofentuin 2A 2908 XB Capelle aan den IJssel
Capelle aan den IJssel;Fysiotherapie;FS Fysio Schenkel;+31 10 451 6539;http://www.fsfysio.nl/;4.4;23;Bermweg 276 2906 LH Capelle aan den IJssel
Capelle aan den IJssel;Fysiotherapie;Level Fysiotherapie;+31 10 321 6817;https://www.levelfysiotherapie.nl/;4.7;13;De Linie 3d 2905 AX Capelle aan den IJssel
Capelle aan den IJssel;Fysiotherapie;Fysiotherapie Heiszwolf;+31 10 451 5109;http://www.fysiotherapieheiszwolf.nl/;4.4;14;Bisletweg 2 2905 AW Capelle aan den IJssel
Capelle aan den IJssel;Fysiotherapie;Fysiotherapie van Gurp;+31 6 28329182;;4.8;48;Rembrandtsingel 5 2902 GR Capelle aan den IJssel
Capelle aan den IJssel;Fysiotherapie;RM Fysio & Performance;+31 6 16013934;https://rmfysioperformance.nl/;4.9;207;Molenbaan 18 2908 LM Capelle aan den IJssel
Barendrecht;Loodgieter;Loodgieter N.A.J. den Drijver;+31 180 613 308;http://www.najdendrijver.nl/;3.7;34;Achterom 67 2991 CP Barendrecht
Barendrecht;Loodgieter;RMinstallaties;+31 6 20757959;https://www.rminstallaties.nl/;4.8;68;Evertsenstraat 2992 BG Barendrecht
Barendrecht;Loodgieter;Loodg.-/Installatiebedrijf v.d. Laan;+31 180 558 022;https://www.laanbv.nl/;3.8;12;Arnhemseweg 7b/c 2994 LA Barendrecht
Barendrecht;Loodgieter;SDG Onderhoud;+31 6 40942639;http://www.sdg-onderhoud.nl/;5.0;20;Rozenhout 30 2994 HN Barendrecht
Barendrecht;Loodgieter;Loodgietersbedrijf Barendrecht;+31 180 711 134;;2.5;2;Barendrecht
Capelle aan den IJssel;Loodgieter;MR Loodgieter Capelle;+31 10 261 5351;https://mrloodgietercapelleaandenijssel.nl/;5.0;1;Rietbaan 42 2908 LP Capelle aan den IJssel
Capelle aan den IJssel;Loodgieter;Loodgieter en Rioolservice;+31 10 307 0750;https://loodgieterenrioolservice.nl/;4.9;34;Bijendans 2 2907 TA Capelle aan den IJssel
Nieuwerkerk aan den IJssel;Loodgieter;Loodgieter aan den IJssel;+31 180 700 208;https://loodgieteraandenijssel.nl/;5.0;9;Steenbakkerij 52 2913 LJ Nieuwerkerk aan den IJssel
Capelle aan den IJssel;Loodgieter;Noodgieter;+31 85 333 2583;https://www.noodgieter.com/;4.9;14;Chopinstraat 2901 EG Capelle aan den IJssel
Capelle aan den IJssel;Loodgieter;De Witte-De Witte Installatietechniek;+31 10 450 3314;http://www.dewitte-dewitte.nl/;4.6;25;Kompasstraat 24 2901 AM Capelle aan den IJssel
Schiedam;Tandarts;Tandartspraktijk Schiedam-Noord;+31 10 313 0703;https://www.tandartspraktijkschiedam-noord.nl/;5.0;126;Malmö 74 3124 KG Schiedam
Schiedam;Tandarts;Tandheelkundige Kliniek Schiedam;+31 10 426 3338;http://www.tandartsvanschiedam.nl/;4.8;564;'s-Gravelandseweg 612 3119 NA Schiedam
Schiedam;Tandarts;Tandartspraktijk Schiedam Centrum;+31 10 426 4062;http://www.tandartspraktijksc.nl/;5.0;7;Broersveld 85 3111 LD Schiedam
Schiedam;Tandarts;Tandarts Schiedam Groepspraktijk;+31 10 273 3571;http://www.tandarts-schiedam.nl/;4.3;150;'s-Gravelandseweg 622 3119 ND Schiedam
Schiedam;Tandarts;Tandheelkundig Centrum Kethel;+31 10 247 0307;http://www.tckethel.nl/;4.6;64;Koekoekslaan 41 3121 XJ Schiedam
Schiedam;Tandarts;Qdent BV Tandarts Schiedam;+31 10 473 7348;http://www.qdentbv.nl/;4.7;90;Monseigneur Nolenslaan 59 3119 EA Schiedam
Schiedam;Fysiotherapie;Soeplr. Fysiotherapie;+31 10 322 0806;https://www.soeplr.nl/;4.9;31;Jan van Galenstraat 11 3115 JG Schiedam
Schiedam;Fysiotherapie;Fysiotherapie Schiedam-West;+31 10 426 9938;https://www.fysiotherapieschiedamwest.nl/;4.6;10;Sint Liduinaplein 2 3117 BL Schiedam
Schiedam;Fysiotherapie;Fysiotherapie Bachplein;+31 10 471 1426;http://www.pmcschiedam-vlaardingen.nl/;4.5;12;Bachplein 588 3122 JM Schiedam
Schiedam;Fysiotherapie;Fysiotherapie Schiedam-Noord;+31 10 449 2323;https://fysiotherapieschiedamnoord.nl/;5.0;1;Schiedamseweg 41 G H 3121 JE Schiedam
Schiedam;Fysiotherapie;Paramedisch Centrum de Nieuwe Dam;+31 10 789 1600;http://www.denieuwedam.nl/;3.8;19;Nieuwe Damlaan 845 3119 AT Schiedam
Schiedam;Fysiotherapie;MyoFysio Fysiotherapie;+31 6 45607597;http://www.myofysio.nl/;5.0;7;Pr. Beatrixlaan 4 3121 JN Schiedam
Dordrecht;Tandarts;Total Dental Tandartsen;+31 78 617 4588;https://www.totaldentaltandartsen.nl/;4.9;121;Groen van Prinstererweg 1a 3317 SJ Dordrecht
Dordrecht;Tandarts;Tandartsencentrum Dordrecht;+31 78 618 6361;http://www.tandheelkundedordrecht.nl/;4.6;114;Maarten Harpertsz Trompweg 225B 3317 BS Dordrecht
Dordrecht;Tandarts;Mondzorg Dordrecht;+31 78 614 3988;http://www.mondzorgdordrecht.nl/;4.3;239;Van Godewijckstraat 50 3311 GX Dordrecht
Dordrecht;Tandarts;Tandartspraktijk Admiraal;+31 78 780 2389;http://www.tandartspraktijkadmiraal.nl/;4.8;122;Admiraalsplein 12 3317 BA Dordrecht
Dordrecht;Tandarts;Dental Clinics Dordrecht Singel;+31 78 613 5444;https://www.dentalclinics.nl/;4.6;441;Singel 333 3311 HE Dordrecht
Dordrecht;Tandarts;Dental Clinics Dordrecht Kuipershaven;+31 78 613 5133;https://www.dentalclinics.nl/;4.7;244;Schrijversstraat 2A 3311 BP Dordrecht
Vlaardingen;Fysiotherapie;Fysiotherapie Hoog Lede;+31 10 474 8677;http://www.fysiohooglede.nl/;4.9;61;Francijntje de Kadtlaan 44P 3136 LR Vlaardingen
Vlaardingen;Fysiotherapie;Westdijk Fysiotherapie;+31 10 434 7573;https://www.fysiowestdijk.nl/;4.7;15;Hoflaan 43a 3134 AC Vlaardingen
Vlaardingen;Fysiotherapie;Maatschap Fysiotherapie Holy;+31 10 433 7440;http://www.fysiotherapievlaardingen.nl/;4.7;26;Louise de Colignylaan 7 3136 NL Vlaardingen
Vlaardingen;Fysiotherapie;Holystaete FT (Churchillsingel);+31 10 474 3697;http://www.holystaeteft.nl/;4.8;10;Churchillsingel 400 3137 XB Vlaardingen
Vlaardingen;Fysiotherapie;Fysio Westwijk;+31 10 434 1177;http://fysiowestwijk.nl/;4.6;13;Dirk de Derdelaan 41 3132 HA Vlaardingen
Vlaardingen;Fysiotherapie;Fernhout Fysiotherapie;+31 10 474 8200;http://www.fernhoutfysiotherapie.nl/;4.9;103;Zwanensingel 9 3136 GZ Vlaardingen
Den Haag;Loodgieter;Loodgieter Den Haag (Rionex);+31 6 26144204;https://loodgieterdenhaag-bv.nl/;4.9;402;
Den Haag;Loodgieter;Loodgieter Den Haag J.O.P;+31 6 13190539;https://loodgieterdenhaagjop.nl/;5.0;109;
Den Haag;Loodgieter;ZEO Den Haag;+31 85 130 4053;https://www.zeoloodgieters.nl/;5.0;112;
Den Haag;Loodgieter;Loodgieterscollectief Den Haag;+31 6 34392929;https://loodgieterscollectief.nl/;4.7;169;
Den Haag;Loodgieter;Loodgieter Den Haag Koning;+31 70 204 2239;http://www.loodgieterkoning.nl/;4.7;35;
Den Haag;Loodgieter;Haagse Loodgieter;+31 70 204 2366;https://haagse-loodgieter.nl/;5.0;21;
Den Haag;Loodgieter;Den Haag Loodgieter;+31 70 204 2115;http://www.denhaagloodgieter.com/;4.7;27;
Den Haag;Loodgieter;Loodgieter Den Haag Hartman;+31 6 48411822;https://hartmanloodgieter.nl/;5.0;21;
Den Haag;Loodgieter;Loodgieter Den Haag 24/7 BOB;+31 6 16331187;https://www.loodgieterdenhaag-bob.nl/;5.0;52;
Den Haag;Loodgieter;Haagsche Loodgieter;+31 70 250 1091;http://www.haagsche-loodgieter.nl/;4.8;108;
Amsterdam;Tandarts;De Amsterdamse Tandarts Rivierenbuurt;+31 20 428 2422;https://www.deamsterdamsetandarts.nl/;4.7;26;
Amsterdam;Tandarts;The Dentist Amsterdam;+31 20 528 6560;https://thedentistamsterdam.nl/;4.9;86;
Amsterdam;Tandarts;Etiq Amsterdam;+31 20 308 6020;https://www.etiq.nl/amsterdam;4.9;55;
Amsterdam;Tandarts;Tandheelkundepraktijk Stadhouderskade;+31 20 662 7259;https://www.tandartspraktijk.amsterdam/;4.5;338;
Amsterdam;Tandarts;De Amsterdamse Tandarts;+31 20 625 7094;http://www.deamsterdamsetandarts.nl/;4.7;266;
Amsterdam;Tandarts;Dental Clinics Amsterdam Brouwersgracht;+31 20 398 3131;https://www.dentalclinics.nl/;4.4;69;
Amsterdam;Tandarts;TandartsJordaan.nl;+31 20 612 1243;https://tandartsjordaan.nl/;4.4;605;
Amsterdam;Tandarts;De Tandenpraktijk;+31 20 615 0315;http://www.tandenpraktijk.nl/;4.6;118;
Amsterdam;Tandarts;Dental Clinics Amsterdam IJburglaan;+31 20 398 3131;https://www.dentalclinics.nl/;4.1;215;
Amsterdam;Tandarts;Lassus Tandartsen;+31 20 471 3137;https://www.lassustandartsen.nl/;4.3;902;
Amsterdam;Loodgieter;Loodgieter Amsterdam & CV Service 24/7;+31 6 40682258;http://cvloodgieter.nl/;5.0;282;
Amsterdam;Loodgieter;MC Loodgieter Amsterdam;+31 6 39459551;https://www.mc-loodgieter.nl/;4.8;85;
Amsterdam;Loodgieter;Loodgieter Amsterdam 24/7 Spoedservice;+31 20 716 5306;http://www.loodgietersbedrijfamsterdam.com/;5.0;208;
Amsterdam;Loodgieter;Installatie Service Amsterdam (ISA);+31 20 688 5629;https://isa-loodgieters.nl/;4.8;322;
Amsterdam;Loodgieter;Loodgieter Amsterdam J.O.P;+31 6 26144204;https://loodgieteramsterdamjop.nl/;4.9;308;
Amsterdam;Loodgieter;Loodgieter Amsterdam Ayvazbouw;+31 6 84136046;https://ayvazbouw.nl/;4.7;212;
Amsterdam;Loodgieter;Loodgieter Amsterdam (.eu);+31 20 640 3449;https://loodgieteramsterdam.eu/;5.0;67;
Amsterdam;Loodgieter;Bennies Installatiebedrijf Amsterdam;+31 6 11240153;https://www.benniesinstallatiebedrijf.nl/;4.9;125;
Amsterdam;Loodgieter;Loodgieter Amsterdam SOS 24/7;+31 6 25095618;https://loodgieteramsterdamsos.nl/;4.9;91;
Amsterdam;Loodgieter;Lekkage Loodgieter;+31 6 40215889;https://www.lekkage-loodgieter.nl/;4.9;53;
Amsterdam;Fysiotherapie;Amsterdam Fysio;+31 20 337 5265;https://www.amsterdamfysio.nl/;4.5;53;
Amsterdam;Fysiotherapie;Fysio Huis Amsterdam;+31 20 671 3312;http://www.fysio-huis.com/;5.0;462;
Amsterdam;Fysiotherapie;MULA Fysio (Noord);+31 6 29554689;https://www.mulafysio.nl/;5.0;31;
Amsterdam;Fysiotherapie;Fysio2You;+31 85 004 1428;http://www.fysio2you.nl/;5.0;195;
Amsterdam;Fysiotherapie;Fysiotherapie & Training Amsterdam;+31 20 330 4855;http://www.ftamsterdam.nl/;4.9;215;
Amsterdam;Fysiotherapie;De Fysio Man;+31 20 354 2926;https://defysioman.nl/;4.7;238;
Amsterdam;Fysiotherapie;Fysio Centrum Amsterdam Baarsjesweg;+31 20 261 0274;http://www.fysiocentrumamsterdam.nl/;4.4;110;
Amsterdam;Fysiotherapie;Fysiotherapie Centrum Amsterdam;+31 20 471 3456;http://www.fysiotherapiecentrumamsterdam.nl/;5.0;13;
Amsterdam;Fysiotherapie;Fysiotherapie Centrum Amsterdam (2e);+31 20 622 0572;http://www.fysiotherapiecentrumamsterdam.nl/;4.4;29;
Amsterdam;Fysiotherapie;Fysio World Amsterdam;+31 20 663 5092;https://fysioworldamsterdam.nl/;4.7;55;
Den Haag;Tandarts;Mondzorg Centrum Den Haag;+31 70 326 0891;https://tandartscentrumdenhaag.nl/;4.9;225;
Den Haag;Tandarts;Dental Luxe Den Haag Centrum;+31 70 360 2023;http://www.tpdenhaagcentrum.nl/;4.5;145;
Den Haag;Tandarts;DentaNova;+31 70 222 3030;http://www.dentanova.nl/;4.8;84;
Den Haag;Tandarts;TC Frederikstraat;+31 70 346 3488;https://www.tcfrederikstraat.nl/;4.6;99;
Den Haag;Tandarts;Mondzorg Boekhorst;+31 70 388 6542;https://mondzorgboekhorst.nl/;4.8;112;
Den Haag;Tandarts;TC Valkenbos;+31 70 322 8438;https://www.tandartsdenhaag.nl/;4.7;160;
Den Haag;Tandarts;OneWorld Dental;+31 70 764 0800;http://www.oneworlddental.nl/;4.8;66;
Den Haag;Tandarts;Tandartsenpraktijk De Weidevogel;+31 15 887 3588;http://www.tandartsdeweidevogel.nl/;4.7;80;
Den Haag;Tandarts;Tanden Boutique;+31 70 200 2712;https://www.tandenboutique.nl/;5.0;120;
Den Haag;Tandarts;Dentalife Tandartspraktijk;+31 70 200 2568;http://www.dentalife.nl/;4.9;134;
Den Haag;Fysiotherapie;Apollo Health Hub Scheveningen;+31 70 211 0470;http://apollohh.nl/;5.0;70;
Den Haag;Fysiotherapie;Fysio Care Den Haag;+31 70 211 0044;http://www.fysiocaredenhaag.nl/;4.6;10;
Den Haag;Fysiotherapie;Roelfsema Fysiotherapie;+31 70 221 1528;https://roelfsemafysiotherapie.nl/;4.9;92;
Den Haag;Fysiotherapie;Fysio Centrum Den Haag;+31 70 368 1780;http://www.fysiocentrumdenhaag.nl/;5.0;7;
Den Haag;Fysiotherapie;FysioEffect Grote Markt;+31 70 808 0139;https://fysioeffect.nl/;4.6;33;
Den Haag;Fysiotherapie;Roelfsema Fysiotherapie Hofvijver;+31 70 221 1528;https://roelfsemafysiotherapie.nl/;4.9;31;
Den Haag;Fysiotherapie;Fysiotherapie Hubertusduin (B&B);+31 85 301 1505;https://benbhealthcare.nl/;5.0;11;
Den Haag;Fysiotherapie;Fysiotherapie Zoutmanstraat (B&B);+31 85 301 1505;https://benbhealthcare.nl/;4.9;29;
Den Haag;Fysiotherapie;YorBody Fysiotherapie Den Haag Centrum;+31 70 221 3192;https://yorbodyfysiotherapie.nl/;4.6;38;
Den Haag;Fysiotherapie;Binnenstebuiten Fysio (Ceder Gym);+31 6 14877857;http://www.binnenstebuitenfysio.nl/;5.0;71;
Eindhoven;Loodgieter;Loodgieter Eindhoven;+31 40 298 8105;https://loodgieter-eindhoven.nl/;4.2;179;
Eindhoven;Loodgieter;Snelvakman;+31 85 020 4545;https://snelvakman.nl/;4.8;476;
Eindhoven;Loodgieter;Lekdetectie Briljant;+31 6 34987967;;4.6;98;
Eindhoven;Loodgieter;Ontstoppingsbedrijf Eindhoven;+31 40 369 0457;https://ontstoppingsbedrijfeindhoven.net/;4.8;19;
Eindhoven;Loodgieter;Uniek Installatiebedrijf;+31 6 87707505;https://uniekinstallatie.nl/;5.0;15;
Eindhoven;Loodgieter;Loodgietersbedrijf Eindhoven;+31 85 800 7133;;5.0;1;
Eindhoven;Loodgieter;AS Loodgieterservice;+31 6 85251037;http://www.as-loodgieterservice.nl/;4.3;15;
Eindhoven;Loodgieter;Loodgietersbedrijf Engelen;+31 6 10789247;https://www.engelenvof.nl/;4.8;4;
Utrecht;Loodgieter;Loodgietersbedrijf Utrecht;+31 6 36563273;https://loodgietersbedrijfutrecht.nl/;4.8;254;
Utrecht;Loodgieter;Loodgieter Utrecht-TVR;+31 6 16595987;https://loodgieterutrecht-tvr.nl/;5.0;71;
Utrecht;Loodgieter;Loodgieter Utrecht (Rionex);+31 6 26144204;https://loodgieterstad.nl/;5.0;468;
Utrecht;Loodgieter;WW Loodgietersbedrijf Utrecht;+31 6 40022715;https://wwloodgietersbedrijf.nl/;4.9;265;
Utrecht;Loodgieter;Loodgieter Alert Utrecht;+31 6 16161664;https://loodgieteralert.nl/;4.8;306;
Utrecht;Loodgieter;Loodgieter Komt Zo Utrecht;+31 6 42748556;http://loodgieterkomtzo.nl/;4.8;247;
Utrecht;Loodgieter;Vak Loodgieter Utrecht;+31 30 207 2705;https://vakloodgieterutrecht.nl/;4.8;35;
Utrecht;Loodgieter;Uw Loodgietersbedrijf Utrecht;+31 30 269 0359;https://uwloodgietersbedrijf.nl/;4.9;158;
Utrecht;Loodgieter;Delta Loodgieter Utrecht;+31 6 20165656;https://deltaloodgieters.nl/;4.8;138;
Utrecht;Loodgieter;Loodgietersbedrijf Kreugel;+31 6 85339892;https://www.loodgietersbedrijfkreugel.nl/;4.9;115;
Utrecht;Fysiotherapie;Fysio-Fit Utrecht;+31 30 299 3033;https://fysiofit-utrecht.nl/;4.7;127;
Utrecht;Fysiotherapie;FysioBewust Overvecht;+31 30 262 5666;http://www.fysiobewustutrecht.nl/;4.9;54;
Utrecht;Fysiotherapie;Fysiotherapie Utrecht Oost;+31 30 234 1010;https://fysiopraktijk.nl/;4.5;99;
Utrecht;Fysiotherapie;FysioBewust de Straatweg;+31 30 262 5666;https://fysiobewustutrecht.nl/;4.7;39;
Utrecht;Fysiotherapie;FysioDomstad;+31 30 292 0021;https://www.fysiodomstad.nl/;4.9;137;
Utrecht;Fysiotherapie;FIT Fysiotherapie Utrecht;+31 85 060 1808;https://www.fit-fysiotherapie.nl/;5.0;53;
Utrecht;Fysiotherapie;Fysio Centrum Utrecht (CS);+31 30 227 0437;http://www.fysiocentrumutrecht.nl/;4.6;47;
Utrecht;Fysiotherapie;Fysio Coen;+31 6 28886898;http://www.fysiocoen.nl/;5.0;247;
Utrecht;Fysiotherapie;Fysiotherapie Weerdsingel;+31 30 231 2627;https://fysiotherapieweerdsingel.nl/;4.6;81;
Utrecht;Fysiotherapie;Fysio Balijelaan;+31 30 294 3606;http://www.fysiobalijelaan.nl/;4.9;40;
Eindhoven;Tandarts;Tandartspraktijk Eindhoven;+31 40 256 6380;https://www.tandartspraktijkeindhoven.com/;4.6;515;
Eindhoven;Tandarts;Tandartsen Voor Ons;+31 40 312 3000;https://tandartsenvoorons.nl/;4.9;106;
Eindhoven;Tandarts;Eindhovense TandartsPraktijk;+31 40 750 5233;https://eindhovensetandartspraktijk.nl/;4.0;94;
Eindhoven;Tandarts;Dental Clinics Eindhoven;+31 40 211 8136;https://www.dentalclinics.nl/;4.6;620;
Eindhoven;Tandarts;Tandartsenpost Eindhoven;+31 900 1515;http://www.tandartsenposteindhoven.nl/;3.3;400;
Eindhoven;Tandarts;Oud Stratum Tandartsen;+31 40 211 1458;http://www.oudstratumtandartsen.nl/;4.8;218;
Eindhoven;Tandarts;Centrum voor Tandheelkunde Eindhoven;+31 40 340 0149;http://www.cvteindhoven.nl/;4.9;163;
Eindhoven;Tandarts;VLIJT Tandartsen;+31 40 209 2495;https://www.vlijttandartsen.nl/;4.9;167;
Eindhoven;Tandarts;Tandartsenpraktijk Woenselse Heide;+31 40 242 3389;https://www.tandartsenpraktijkwoenselseheide.nl/;4.1;148;
Eindhoven;Tandarts;Dentology Tandartsen;+31 40 209 2460;https://www.dentologytandartsen.nl/;4.7;81;
Utrecht;Tandarts;Tandartspraktijk Utrecht B.V.;+31 30 240 0267;https://www.tandartspraktijk-utrecht.nl/;4.8;247;
Utrecht;Tandarts;De Utrechtse Tandartspraktijk;+31 30 760 1152;http://www.deutrechtsetandartspraktijk.nl/;4.8;1016;
Utrecht;Tandarts;Tandarts Utrecht Centrum;+31 30 792 0202;https://tandartsutrechtcentrum.nl/;4.8;30;
Utrecht;Tandarts;Tandart Utrecht;+31 30 242 0230;http://www.tandartutrecht.nl/;4.8;22;
Utrecht;Tandarts;Tandartsspoedpraktijk Utrecht;+31 900 8602;https://tandartsspoedpraktijk.nl/utrecht/;4.1;117;
Utrecht;Tandarts;Dental Care Utrecht Nieuwe Gracht;+31 30 231 3130;https://www.tandartsenpraktijkdenieuwegracht.nl/;4.5;31;
Utrecht;Tandarts;Dental Care Utrecht Van Hogendorpstraat;+31 30 252 0359;https://www.dentalcareutrecht.nl/;4.8;115;
Utrecht;Tandarts;Maliekwartier Tandartsen Utrecht;+31 30 760 1267;https://www.tandartsutrecht.nl/;4.8;333;
Utrecht;Tandarts;AVT-Kliniek Utrecht;+31 30 234 1968;https://www.avtkliniek.nl/;4.6;97;
Utrecht;Tandarts;Tandartspraktijk Bartoklaan;+31 30 299 3666;http://www.bartoklaan.nl/;4.2;115;
Eindhoven;Fysiotherapie;Spinefysio Eindhoven;+31 40 785 0044;https://www.spinefysio.nl/;4.7;528;
Eindhoven;Fysiotherapie;FysioTrust Eindhoven;+31 6 27215485;https://fysiotrust.nl/;5.0;69;
Eindhoven;Fysiotherapie;Fysiotherapie Achtse Barrier;+31 40 242 4464;http://fysiotherapieachtsebarrier.nl/;4.8;208;
Eindhoven;Fysiotherapie;Let's Go Fysio;+31 6 43031262;https://www.letsgofysio.nl/;4.9;36;
Eindhoven;Fysiotherapie;Fysio Eray;+31 6 21594782;http://www.fysioeray.nl/;5.0;35;
Eindhoven;Fysiotherapie;Fysiotherapie Heezerweg;+31 40 212 5333;http://www.fysiotherapieheezerweg.nl/;5.0;14;
Eindhoven;Fysiotherapie;STADS Fysiotherapie Eindhoven;+31 40 311 1151;http://www.stadsfysio.nl/;4.6;27;
Eindhoven;Fysiotherapie;YorBody Fysiotherapie Eindhoven;+31 40 209 4116;https://yorbodyfysiotherapie.nl/;4.8;38;
Eindhoven;Fysiotherapie;Paramedisch Centrum Eindhoven;+31 40 243 3699;https://www.paramedischcentrumeindhoven.nl/;4.9;41;
Haarlem;Loodgieter;Installatiebedrijf Boerée;+31 6 12777743;https://installatiebedrijfboeree.nl/;5.0;40;
Haarlem;Loodgieter;ROOD Loodgieters & Installatie;+31 23 781 0781;http://www.roodinstallaties.nl/;4.9;153;
Haarlem;Loodgieter;Haarlemse Loodgieter;+31 23 234 0701;https://www.haarlemse-loodgieter.nl/;5.0;17;
Haarlem;Loodgieter;Fixo Loodgieter Haarlem;+31 85 060 5723;http://www.fixobv.nl/;4.9;105;
Haarlem;Loodgieter;KVD Loodgieterswerkzaamheden;+31 6 42001302;https://kvdloodgieterswerkzaamheden.nl/;5.0;84;
Haarlem;Loodgieter;Loodgieter Haarlem (riool ontstoppen);+31 6 57389597;https://www.loodgieterhaarlem-rioolontstoppen.nl/;5.0;42;
Haarlem;Loodgieter;Loodgieter Haarlem K Snoeks;+31 6 83714947;https://k-snoeks.nl/;4.9;119;
Haarlem;Loodgieter;G. de Graaf Loodgieter (24u spoed);+31 6 46012788;http://www.gdegraafloodgieters.nl/;4.5;13;
Haarlem;Loodgieter;de Spoed Loodgieter Haarlem;+31 6 49578578;http://www.despoedloodgieterhaarlem.nl/;5.0;65;
Vijfhuizen;Loodgieter;A.M.G Loodgieter (Haarlem omstreken);+31 6 29317210;https://amgloodgieter.nl/;5.0;12;
Nijmegen;Loodgieter;Bijl Loodgietersklusjes;+31 6 84869797;http://www.loodgietersklusjes.nl/;4.9;49;
Nijmegen;Loodgieter;Ontstoppingsbedrijf Nijmegen;+31 24 669 0218;https://ontstoppingsbedrijfnijmegen.net/;4.9;13;
Nijmegen;Loodgieter;Riool Expert Jan;+31 85 060 9518;https://rioolexpertjan.nl/;5.0;14;
Nijmegen;Loodgieter;Kootstra & Co;+31 6 44300391;https://kootstra-co.nl/;4.9;40;
Nijmegen;Loodgieter;Eijba Installatietechniek;+31 6 45542823;http://www.eijba-installatietechniek.nl/;5.0;29;
Nijmegen;Loodgieter;Loodgieters Veenstra Nijmegen;+31 24 781 0029;https://loodgieters-veenstra.nl/loodgieter-nijmegen/;4.3;6;
Nijmegen;Loodgieter;Weijers Techniek;+31 24 675 1152;http://www.weijersriooltechniek.nl/;4.2;34;
Nijmegen;Loodgieter;Installatiebedrijf J. Claus;+31 6 50884739;https://installatiebedrijf-jclaus.nl/;4.8;21;
Nijmegen;Loodgieter;Warmteservice Nijmegen;+31 24 359 0666;https://www.warmteservice.nl/;4.6;309;
Nijmegen;Fysiotherapie;Ysveld Fysio Nijmegen-Centrum;+31 24 348 0551;https://www.ysveldfysio.nl/;4.6;22;
Nijmegen;Fysiotherapie;Fy-Fit Fysiotherapie Nijmegen Oost;+31 24 344 7833;https://www.fysiotherapienijmegen.nl/;5.0;1;
Nijmegen;Fysiotherapie;de fysioo Nijmegen-Oost;+31 24 675 0137;https://defysioo.nl/;4.6;20;
Nijmegen;Fysiotherapie;MMfysio Brakkenstein;+31 24 358 0779;https://mmfysio.nl/;4.6;48;
Nijmegen;Fysiotherapie;de fysioo Nijmegen-Centrum;+31 24 675 0137;https://www.defysioo.nl/;5.0;29;
Nijmegen;Fysiotherapie;Fysiocentrum Nijmegen;+31 24 354 0404;https://fysiocentrumnijmegen.nl/;4.9;9;
Nijmegen;Fysiotherapie;Fysiotherapie Janneke Janssen;+31 6 46155235;http://www.fysiotherapiejannekejanssen.nl/;4.9;33;
Nijmegen;Fysiotherapie;de fysioo Nijmegen-West;+31 24 675 0137;https://defysioo.nl/;5.0;11;
Haarlem;Tandarts;Tandartsenpraktijk Haarlem;+31 23 532 2331;https://www.tandartsenpraktijkhaarlem.nl/;4.3;87;
Haarlem;Tandarts;De Haerlemsche Tandartsen;+31 23 207 0207;https://www.dehaerlemschetandartsen.nl/;5.0;18;
Haarlem;Tandarts;Tandartspraktijk Boerhaave;+31 23 440 0230;https://www.tandartspraktijkboerhaave.nl/;4.9;62;
Haarlem;Tandarts;Mondzorg Poli Spoed Haarlem;+31 900 1515;https://www.mondzorgpoli.nl/;4.6;230;
Haarlem;Tandarts;Tandartspraktijk Spaarnestad;+31 23 533 2283;https://www.tp-spaarnestad.nl/;4.0;3;
Haarlem;Tandarts;Tandheelkundig Centrum Nederland;+31 23 534 3178;https://tcn.nl/tandarts-haarlem/;4.4;48;
Haarlem;Tandarts;Tandartspraktijk Tan-Saraswati;+31 23 533 2585;http://www.tandartstan.nl/;5.0;3;
Haarlem;Tandarts;Alders Mondzorg;+31 23 551 6765;https://tandarts-haarlem.nl/;4.8;137;
Haarlem;Tandarts;Mondzorgpraktijk Haarlem;+31 23 538 0044;https://www.mondzorgpraktijkhn.nl/;4.7;90;
Haarlem;Tandarts;Tandartspraktijk Sombekke;+31 23 524 2579;http://www.tandartssombekke.nl/;4.5;20;
Haarlem;Fysiotherapie;FIT Fysiotherapie Haarlem Noord;+31 85 060 1808;https://www.fit-fysiotherapie.nl/;4.9;90;
Haarlem;Fysiotherapie;Fysio Haarlem Centrum;+31 6 52452454;http://www.fysiohaarlemcentrum.nl/;5.0;69;
Haarlem;Fysiotherapie;FIT Fysiotherapie Haarlem Oost;+31 85 060 1808;https://www.fit-fysiotherapie.nl/;4.8;6;
Haarlem;Fysiotherapie;FysioForza Haarlem;+31 6 15283909;https://www.fysioforza.com/;4.9;363;
Haarlem;Fysiotherapie;FIT Fysiotherapie Haarlem Centrum;+31 23 205 2976;https://www.fit-fysiotherapie.nl/;4.9;40;
Haarlem;Fysiotherapie;FLOW Fysio;+31 6 81466505;http://www.flowfysio.nl/;4.9;161;
Haarlem;Fysiotherapie;Fysio & Manuele Therapie Berkhof;+31 23 531 0164;http://www.fysio-parklaan.nl/;5.0;21;
Haarlem;Fysiotherapie;Fysiotherapie Haarlem-Noord;+31 23 525 2814;https://fysiotherapiehaarlem-noord.nl/;4.4;14;
Haarlem;Fysiotherapie;FysioExpert Haarlem;+31 23 545 0751;https://www.fysioexpert.nl/;4.7;26;
Haarlem;Fysiotherapie;Fysiotherapie Haarlem-Noord (2e);+31 23 737 0109;https://www.fysiotherapiehaarlem-noord.nl/;5.0;2;
Nijmegen;Tandarts;Tandartspraktijk Nijmegen;+31 24 348 0020;https://www.tandartspraktijknijmegen.nl/;3.3;38;
Nijmegen;Tandarts;Tandzorg Nijmegen;+31 24 207 0064;http://www.tandzorgnijmegen.nl/;5.0;9;
Nijmegen;Tandarts;Tandheelkundig Centrum Nijmegen;+31 24 344 2670;https://www.tc-nijmegen.nl/;;;
Nijmegen;Tandarts;Mondzorgpraktijk Nijmegen;+31 24 360 9825;http://www.mondzorgpraktijknijmegen.nl/;4.9;163;
Nijmegen;Tandarts;Tandrijk Mondzorg;+31 24 323 8062;https://tandrijkmondzorg.nl/;4.8;49;
Nijmegen;Tandarts;Tandartsspoedpraktijk CWZ;+31 900 8602;https://tandartsspoedpraktijk.nl/nijmegen/;4.0;94;
Nijmegen;Tandarts;Samenwerkende Tandartsen Nijmegen;+31 24 323 2928;https://www.nijmegendetandarts.nl/;4.1;99;
Nijmegen;Tandarts;Tandartspraktijk Villa Westhof;+31 24 323 3366;http://www.tandartsnijmegenoost.nl/;4.9;52;
Nijmegen;Tandarts;Bertholet en Van de Ven;+31 24 322 2555;http://www.sintanna12.nl/;4.8;153;
Nijmegen;Tandarts;Tandartspraktijk Dukenburg;+31 24 345 0850;https://www.tandartspraktijkdukenburg.nl/;4.6;166;
Den Bosch;Loodgieter;EDL Loodgieter Den Bosch;+31 73 260 0044;http://loodgieterdenbosch.nl/;4.4;22;
Den Bosch;Loodgieter;RP Loodgieters & Installatie;+31 6 31790391;http://www.rploodgieters.nl/;5.0;203;
Den Bosch;Loodgieter;Installatiebedrijf & Loodgieter Lommers;+31 73 657 9143;https://lommersinstallaties.nl/;4.0;111;
Den Bosch;Loodgieter;Ontstoppen Den Bosch;+31 85 019 5799;https://ontstoppen-denbosch.nl/;5.0;1;
Den Bosch;Loodgieter;Loodgietersbedrijf Passon;+31 73 782 0291;https://www.loodgietersdenbosch.nl/;3.0;31;
Den Bosch;Loodgieter;Loodgieter Service Den Bosch;+31 73 641 3501;;3.0;2;
Den Bosch;Loodgieter;De Loodgieter Den Bosch;+31 73 234 0097;https://www.deloodgieterdenbosch.nl/;;;
Den Bosch;Loodgieter;Riool Totaal Service Den Bosch;+31 73 234 0289;https://riooltotaalservice.nl/;4.9;244;
Den Bosch;Loodgieter;Ontstoppingsbedrijf Den Bosch;+31 73 369 0463;https://ontstoppingsbedrijfdenbosch.com/;4.8;15;
Tilburg;Tandarts;Tandartspraktijk Tilburg;+31 13 542 5810;https://tandartspraktijk-tilburg.nl/;4.4;103;
Tilburg;Tandarts;Tandartsenpost Brabant;+31 900 1515;https://tandartsenpostbrabant.nl/nl/;3.6;102;
Tilburg;Tandarts;Tandartspraktijk Hoefstraat;+31 13 208 3380;https://www.tandartspraktijkhoefstraat.nl/;4.8;32;
Tilburg;Tandarts;Tandarts 013;+31 13 542 4562;https://www.tandarts013.nl/;4.9;23;
Tilburg;Tandarts;Centrum voor Mondzorg Tilburg;+31 13 595 9000;;5.0;2;
Tilburg;Tandarts;Tandheelkundig Centrum Spoorlaan;+31 13 580 1888;http://www.tcspoorlaan.nl/;4.8;222;
Tilburg;Tandarts;Tandartspraktijk E.T. Tan;+31 13 591 0237;http://www.mijntandartspraktijk.nl/;4.3;4;
Tilburg;Tandarts;Dental Clinics Tilburg Reeshof;+31 13 571 0606;https://www.dentalclinics.nl/;4.3;176;
Tilburg;Tandarts;Tandartspraktijk Roestenberg;+31 13 467 5045;http://www.tandartspraktijkroestenberg.nl/;4.5;20;
Tilburg;Tandarts;Wilhelminapark Tandartsen;+31 13 207 0472;https://www.wilhelminaparktandartsen.nl/;4.8;31;
Den Bosch;Tandarts;West Dent;+31 73 203 2164;http://www.west-dent.nl/;4.9;88;
Den Bosch;Tandarts;Tandarts Den Bosch (Mondzorgkliniek);+31 73 689 7955;http://www.tandartsdenbosch.nl/;4.3;102;
Den Bosch;Tandarts;Dental Clinics Den Bosch;+31 73 613 7742;https://www.dentalclinics.nl/;4.4;146;
Den Bosch;Tandarts;Mondzorg Poli Spoed Den Bosch;+31 900 1515;https://www.mondzorgpoli.nl/;3.8;198;
Den Bosch;Tandarts;Tandarts Dental&Co Den Bosch;+31 73 303 9039;http://www.dentalenco.nl/;4.8;240;
Den Bosch;Tandarts;Tandartspraktijk Zevenhont;+31 73 641 7722;https://www.tandartspraktijkzevenhont.nl/;4.4;299;
Den Bosch;Tandarts;Staas & Bergmans;+31 73 613 3433;http://www.zorgvooruwmond.nl/;4.5;386;
Den Bosch;Tandarts;Tandartsen Maaspoort;+31 73 644 0742;https://tandartsenmaaspoort.nl/;4.7;46;
Den Bosch;Tandarts;Tandartspraktijk de Kooiker;+31 73 621 7016;http://www.tandartspraktijkdekooiker.nl/;4.2;53;
Den Bosch;Fysiotherapie;Fysiotherapie Smits;+31 73 234 0444;http://www.fysiotherapiesmits.nl/;4.8;64;
Den Bosch;Fysiotherapie;Fysio 4 Den Bosch;+31 73 614 0505;http://www.fysio4denbosch.nl/;4.7;47;
Den Bosch;Fysiotherapie;LIJV Fysiotherapie Den Bosch;+31 85 006 4880;http://www.lijv.nl/;4.0;9;
Den Bosch;Fysiotherapie;Fysio Moov Den Bosch;+31 73 303 0881;https://www.fysiomoov.nl/;5.0;320;
Den Bosch;Fysiotherapie;Fysio Paleiskwartier;+31 73 204 8366;https://www.fysiopaleiskwartier.nl/;5.0;24;
Den Bosch;Fysiotherapie;Fysiom Sportiom;+31 73 553 3553;http://www.fysiom.nl/;4.8;4;
Den Bosch;Fysiotherapie;Bruyst Den Bosch Centrum;+31 73 614 6286;http://www.bruyst.nl/den-bosch/;5.0;1;
Den Bosch;Fysiotherapie;Fysiotherapie Den Bosch Oost;+31 73 690 9802;http://fysiotherapiedenboschoost.nl/;5.0;3;
Den Bosch;Fysiotherapie;Fysio Deman & Van Grinsven;+31 73 613 4596;http://www.fysiotherapiedemanvangrinsven.nl/;5.0;1;
Tilburg;Fysiotherapie;Fysio Fitaal Tilburg Centrum;+31 13 302 0191;http://fysiofitaal.nl/;4.9;213;
Tilburg;Fysiotherapie;Fysi Wilhelminapark;+31 13 543 5841;https://www.fysi.nl/;4.9;101;
Tilburg;Fysiotherapie;Fysio Fitaal Tilburg West;+31 13 302 0191;https://fysiofitaal.nl/;4.9;199;
Tilburg;Fysiotherapie;Science For Rehab;+31 40 304 1683;https://www.scienceforrehabfysiotherapie.nl/;5.0;35;
Tilburg;Fysiotherapie;Fysio013 Tilburg Centrum;+31 6 26465786;https://www.fysio013.nl/;4.9;110;
Tilburg;Fysiotherapie;Fysi Koningshaven;+31 13 543 5841;https://www.fysi.nl/;5.0;7;
Tilburg;Fysiotherapie;Fysio Plus Tilburg;+31 13 785 9088;https://www.fysioplustilburg.com/;5.0;3;
Tilburg;Fysiotherapie;Fysio Binnenstad;+31 13 822 5441;http://www.fysiobinnenstad.nl/;4.3;15;
Tilburg;Fysiotherapie;Fysio Fitaal Tilburg Reeshof;+31 13 302 0191;https://fysiofitaal.nl/;5.0;158;
Tilburg;Fysiotherapie;Fysio & Ergotherapie Tilburg Reeshof;+31 13 571 8214;http://www.fysiotherapietilburgreeshof.nl/;3.9;28;
Tilburg;Loodgieter;All In Totaalservice;+31 13 781 0004;https://allintotaalservice.nl/;4.8;52;
Tilburg;Loodgieter;Loodgieter Postelmans;+31 13 781 0004;https://allintotaalservice.nl/;3.9;12;
Tilburg;Loodgieter;Riool Direct Brabant;+31 6 21344083;https://riooldirect-brabant.nl/;5.0;81;
Tilburg;Loodgieter;Ontstoppingsbedrijf Tilburg;+31 13 369 9277;https://ontstoppingsbedrijftilburg.com/;4.8;16;
Tilburg;Loodgieter;Riool Totaal Service Tilburg;+31 13 234 0470;https://riooltotaalservice.nl/;4.8;51;
Tilburg;Loodgieter;Rioolservice Willemen;+31 13 234 0800;https://rioolservicewillemen.nl/;4.9;109;
Tilburg;Loodgieter;Corné Van Poppel Loodgieter;+31 6 18558785;http://www.vanpoppelloodgietersbedrijf.nl/;4.6;10;
Tilburg;Loodgieter;Rolekdetectie;+31 85 064 7866;https://rolekdetectie.nl/;4.8;28;
Tilburg;Loodgieter;Loodgieter Tilburg (.com);+31 6 55151678;http://www.loodgietertilburg.com/;3.0;4;
Groningen;Loodgieter;Spoedklussen Groningen 24/7;+31 6 85351002;https://spoedklussengroningen.nl/;4.8;180;
Groningen;Loodgieter;Tim de Spoed Loodgieter 24/7;+31 6 18533495;http://timdeloodgieter.nl/;4.8;216;
Groningen;Loodgieter;Loodgieter Groningen Dmitrii;+31 6 11690696;https://rusanovservices.tilda.ws/;5.0;1;
Groningen;Loodgieter;Klussenbedrijf & Loodgieter Paris;+31 6 85644960;;5.0;12;
Groningen;Loodgieter;Loodgieter.nl Groningen;+31 50 808 0319;http://www.loodgieter.nl/groningen;3.3;3;
Groningen;Loodgieter;Loodgietersbedrijf Tilman;+31 50 577 2500;http://www.tilmanloodgietersbedrijf.nl/;4.4;14;
Groningen;Loodgieter;Ontstoppingsbedrijf Groningen (Boersma);+31 50 569 0491;https://ontstoppingsbedrijfgroningen.net/;4.9;9;
Groningen;Loodgieter;Moltmaker Installatiebedrijf;+31 6 15263473;http://www.klaasmoltmaker.nl/;3.0;42;
Groningen;Loodgieter;De Spoed Ontstopper 24/7;+31 6 84542763;https://deontstopper24-7.nl/;5.0;11;
Almere;Fysiotherapie;Fysio Masters Almere;+31 6 10343160;https://www.fysiomasters.nl/;5.0;23;
Almere;Fysiotherapie;Fysiotherapie van Nimwegen;+31 6 20168238;https://fvnfysio.nl/;5.0;67;
Almere;Fysiotherapie;Jeroen Bijl Fysiotherapie;+31 6 36435713;https://www.jeroenbijlfysiotherapie.nl/;5.0;7;
Almere;Fysiotherapie;Fix Fysiotherapie;+31 6 23455870;https://fixfysiotherapie.nl/;5.0;130;
Almere;Fysiotherapie;Fysiotherapie Almere Jong;+31 6 37011897;https://www.fysiotherapiealmerejong.nl/;5.0;60;
Almere;Fysiotherapie;DT Fysiocare Almere;+31 6 22395027;https://dtfysiocare.nl/;5.0;75;
Almere;Fysiotherapie;Fysio In Huis;+31 36 209 0909;https://www.fysioinhuis.nl/;5.0;1;
Almere;Fysiotherapie;Sport Medisch Centrum Almere;+31 36 303 4000;http://www.smcalmere.nl/;4.8;21;
Almere;Fysiotherapie;FysiotherapieRyanHaafkens;+31 6 26060404;http://www.fysiotherapieryanhaafkens.nl/;5.0;100;
Groningen;Tandarts;Tandartsspoedpraktijk Groningen;+31 900 8602;https://tandartsspoedpraktijk.nl/groningen/;3.7;132;
Groningen;Tandarts;Tandartspraktijk Wijert-Noord;+31 50 525 0750;https://groningentandarts.nl/;4.5;76;
Groningen;Tandarts;Tandartspraktijk Euvelgunne;+31 50 311 5775;https://www.tandartseuvelgunne.nl/;4.6;9;
Groningen;Tandarts;Tandartspraktijk Heresingel;+31 50 312 5141;https://www.tandartspraktijkheresingel.nl/;4.7;44;
Groningen;Tandarts;Dental Clinics Groningen De Ommelanden;+31 50 571 1200;https://www.dentalclinics.nl/;4.3;149;
Groningen;Tandarts;TP Rivierenbuurt;+31 50 312 3212;https://tprivierenbuurt.nl/;4.6;138;
Groningen;Tandarts;Tromp Tandartsen;+31 50 312 5993;http://www.tromptandartsen.nl/;4.6;32;
Groningen;Tandarts;Hooghiemstra & Aldunein;+31 50 211 0466;https://www.hatandartsen.nl/;5.0;23;
Groningen;Tandarts;Tandheelkundig Centrum Reitdiep;+31 50 205 3210;http://www.tandarts-reitdiep.nl/;4.8;6;
Groningen;Tandarts;Tandartspraktijk Hartje Groningen;+31 50 312 8110;https://www.tandartspraktijkhartjegroningen.nl/;4.0;9;
Almere;Tandarts;Narcose Dental Almere;+31 36 203 0839;https://www.narcosedental.nl/;4.9;120;
Almere;Tandarts;Praktijk voor Tandheelkunde Almere;+31 36 533 3553;https://tandheelkundealmere.tandartsennet.nl/;3.8;17;
Almere;Tandarts;Mondzorg Poli Almere;+31 900 1515;https://www.mondzorgpoli.nl/;3.6;123;
Almere;Tandarts;Tandartspraktijk Dentamore;+31 36 760 1906;https://www.dent-amore.nl/;5.0;16;
Almere;Tandarts;Narcose Tandarts Almere Haven;+31 36 202 2490;https://narcosetandartsalmerehaven.nl/;5.0;1;
Almere;Tandarts;Tandartspraktijk Stedenwijk;+31 36 303 5290;http://tandartspraktijk-stedenwijk.nl/;5.0;2;
Almere;Tandarts;Dental Clinics Almere Westeinde;+31 36 210 0175;https://www.dentalclinics.nl/;4.4;443;
Almere;Tandarts;Tandartsenpraktijk K-Dentist;+31 6 45160758;https://www.k-dentist.nl/;5.0;45;
Almere;Tandarts;Dental Clinics Almere Doddegrasweg;+31 36 533 8787;https://www.dentalclinics.nl/;4.5;339;
Almere;Tandarts;Almeerse Tandartsen Praktijk;+31 36 533 6006;https://www.almeretandartspraktijk.nl/;4.6;69;
Groningen;Fysiotherapie;Fysiotherapie Groningen;+31 50 579 1811;https://www.fysiotherapiegroningen.nl/;4.7;21;
Groningen;Fysiotherapie;fysiosportief Vechtstraat;+31 50 313 6988;https://www.fysiosportiefgroningen.nl/;4.8;159;
Groningen;Fysiotherapie;Fysioflex Groningen Zielstraweg;+31 6 45358344;https://www.fysioflexgroningen.nl/;5.0;42;
Groningen;Fysiotherapie;Fysio Gilde Orionlaan;+31 85 040 4808;http://www.fysiogilde.nl/;5.0;57;
Groningen;Fysiotherapie;fysiosportief Friesestraatweg;+31 50 313 6988;https://fysiosportiefgroningen.nl/;4.9;58;
Groningen;Fysiotherapie;Fysio Gilde Nieuweweg;+31 85 040 4808;http://www.fysiogilde.nl/;4.9;34;
Groningen;Fysiotherapie;fysiosportief Munnekeholm;+31 50 313 6988;http://www.fysiosportiefgroningen.nl/;4.9;80;
Groningen;Fysiotherapie;Fysiotherapie Beuzenberg;+31 50 311 1827;https://www.fysiotherapiebeuzenberg.nl/;4.9;46;
Groningen;Fysiotherapie;Fysioflex Groningen Energieweg;+31 6 45358344;https://www.fysioflexgroningen.nl/;5.0;28;
Almere;Loodgieter;Vak Loodgieter Almere;+31 36 234 0002;https://www.vakloodgieteralmere.nl/;4.3;57;
Almere;Loodgieter;Loodgietersbedrijf AM;+31 6 18333954;https://loodgietersbedrijfam.nl/;5.0;247;
Almere;Loodgieter;Spoed Loodgieter Almere;+31 6 22554788;https://www.spoedloodgieter-almere.nl/;5.0;9;
Almere;Loodgieter;De Loodgieter Almere;+31 6 48712594;http://deloodgieter-almere.nl/;4.9;185;
Almere;Loodgieter;Rioolspecialist Almere;+31 36 200 2720;https://rioolspecialistalmere.nl/;5.0;10;
Almere;Loodgieter;Momza Loodgieter Almere;+31 6 84975396;http://www.momzaloodgieteralmere.com/;4.8;297;
Almere;Loodgieter;Riool Ontstoppen Almere PROF;+31 85 060 9107;https://www.rioolontstoppeninalmere.nl/;4.5;53;
Almere;Loodgieter;Ontstoppingsdienst D&S;+31 6 34379266;http://www.spoedloodgieter-almere.nl/;5.0;11;
Breda;Loodgieter;Loodgieter Breda Expert;+31 6 13633187;https://loodgieterbredaexpert.nl/;4.9;101;
Breda;Loodgieter;Loodgieter in Breda;+31 76 204 2040;https://loodgieterinbreda.nl/;4.0;9;
Breda;Loodgieter;Optimus Service;+31 6 44015879;https://optimus-service.nl/;5.0;205;
Breda;Loodgieter;Heduro Installatietechniek;+31 76 800 9999;https://www.alle-installatietechnieken-onder-1-dak-breda.nl/;4.1;134;
Breda;Loodgieter;Riool Centraal Breda;+31 76 532 3495;https://www.rioolcentraal.nl/;5.0;42;
Breda;Loodgieter;Loodgieter Service Breda;+31 76 204 2499;;5.0;1;
Breda;Loodgieter;De Been Installatietechniek;+31 6 30804105;https://www.de-been.nl/;4.9;14;
Breda;Loodgieter;Loodgietersbedrijf Clerx;+31 76 521 5994;http://www.clerxbv.nl/;4.7;19;
Breda;Loodgieter;DKM de Rioolspecialist;+31 6 44552088;http://www.dkm-derioolspecialist.nl/;4.3;16;
Breda;Loodgieter;Hendriks Installatiewerken;+31 6 30397925;http://www.hendriksinstallatiewerken.nl/;4.7;146;
Breda;Tandarts;Tandarts Breda Brabantplein;+31 6 14685825;https://tandartsen-breda.nl/;4.8;19;
Breda;Tandarts;Centrum voor Tandheelkunde Breda;+31 76 522 5919;https://www.cvt-breda.nl/;4.9;47;
Breda;Tandarts;Tandartspraktijk Westerhage;+31 76 200 5312;https://tandartspraktijkwesterhage.nl/;4.9;76;
Breda;Tandarts;Tandartspraktijk De Prins;+31 76 204 9800;https://tandartspraktijkdeprins.nl/;5.0;13;
Breda;Tandarts;Mondzorg Brabant;+31 76 785 1150;https://mondzorgbrabant.nl/;4.8;331;
Breda;Tandarts;Tandzorg Clinic;+31 76 200 5276;https://www.tandzorgclinic.nl/;5.0;46;
Breda;Tandarts;Tandheelkundig Centrum Hoge Vught;+31 76 571 9442;http://www.tandartshogevught.nl/;4.0;24;
Breda;Tandarts;Dental Clinics Breda;+31 76 521 4214;https://www.dentalclinics.nl/;4.6;220;
Breda;Tandarts;Tandheelkundig Centrum Boeimeer;+31 76 522 4411;http://www.tandarts-breda-boeimeer.nl/;4.7;112;
Breda;Tandarts;Tandartsen Breda Zuid;+31 76 303 4111;https://tandartsenbredazuid.nl/;5.0;6;
Breda;Fysiotherapie;Breda Fysiotherapie;+31 76 766 0194;https://www.breda-fysiotherapie.nl/;5.0;1;
Breda;Fysiotherapie;Breda West Paramedisch Centrum;+31 76 522 5378;http://www.bredawest.nl/;5.0;11;
Breda;Fysiotherapie;Fysiotherapie Breda Oost;+31 76 571 0034;http://www.fysiotherapiebredaoost.nl/;5.0;42;
Breda;Fysiotherapie;Medifit Fysiotherapie Breda Pellikaan;+31 76 720 0954;https://medifitfysiotherapie.nl/;4.9;66;
Breda;Fysiotherapie;Fysio Breda;+31 76 700 2168;http://fysio-breda.org/;5.0;1;
Breda;Fysiotherapie;De Heelmeester Fysio;+31 76 514 2715;https://www.deheelmeesterfysio.nl/;4.9;52;
Breda;Fysiotherapie;Medi Fysio Breda;+31 416 235 612;https://medi-fysio.nl/;5.0;1;
Breda;Fysiotherapie;Fýsis Fysiotherapie;+31 6 17218641;https://www.fysisfysiotherapie.nl/;5.0;11;
Breda;Fysiotherapie;Focus Fysiotherapie;+31 85 076 8958;http://www.focusfysiotherapie.nl/;4.9;39;
Breda;Fysiotherapie;Fysiotherapie Ruitersbos;+31 76 521 5141;http://www.fysiotherapieruitersbos.nl/;4.9;57;
Apeldoorn;Loodgieter;Ontstoppingsbedrijf Apeldoorn;+31 55 569 0006;https://ontstoppingsbedrijfapeldoorn.com/;4.8;17;
Apeldoorn;Loodgieter;Loodgieters Apeldoorn;+31 55 206 0498;;3.1;18;
Apeldoorn;Loodgieter;Installatiebedrijf Groothedde;+31 55 521 3594;https://gebroedersgroothedde.nl/;4.7;40;
Apeldoorn;Loodgieter;NFL Allround Service;+31 85 744 4806;http://www.nflallroundservice.nl/;4.7;69;
Apeldoorn;Loodgieter;Loodgieter X;+31 6 36106357;http://www.loodgieterx.nl/;4.8;15;
Apeldoorn;Loodgieter;FixLoodgieter;+31 6 83303132;https://fixloodgieter.nl/;5.0;24;
Apeldoorn;Loodgieter;Herman de Boer Installatietechniek;+31 55 540 9440;http://www.hermandeboer.nl/;4.6;14;
Apeldoorn;Loodgieter;Installatiebedrijf Kerker;+31 55 312 7876;https://www.installatiebedrijfkerker.nl/;5.0;17;
Apeldoorn;Loodgieter;Installatiebedrijf Kok;+31 6 55718679;;4.2;13;
Apeldoorn;Loodgieter;Langenbach Ontstoppingsbedrijf;+31 55 541 1660;http://www.langenbachvof.nl/;4.7;42;
Apeldoorn;Fysiotherapie;Fysiotherapie Zegers;+31 55 234 0350;https://www.fysiotherapiezegers.nl/;5.0;187;
Apeldoorn;Fysiotherapie;Fysiolokaal Apeldoorn;+31 6 24779438;https://www.fysiolokaalapeldoorn.nl/;5.0;25;
Apeldoorn;Fysiotherapie;Fysio-Orden Pieter Bakker;+31 55 578 7500;https://www.fysio-orden.nl/;4.5;6;
Apeldoorn;Fysiotherapie;Fysio Zevenhuizen & Zuidbroek;+31 55 366 0392;http://www.fysio7huizen.nl/;5.0;10;
Apeldoorn;Fysiotherapie;FysioNU De Linie;+31 55 522 5553;http://www.fysionu.nl/;4.7;11;
Apeldoorn;Fysiotherapie;Fysiotherapie Apeldoorn Zuid;+31 55 533 2424;https://www.fysiotherapieapeldoornzuid.nl/;4.0;4;
Apeldoorn;Fysiotherapie;Fysiotherapie Houwer & Ruijs;+31 55 360 5681;https://www.fysiotherapiehouwerenruijs.nl/;3.9;23;
Apeldoorn;Fysiotherapie;FysioNU Orden;+31 55 522 5553;http://www.fysionu.nl/;4.7;10;
Apeldoorn;Fysiotherapie;Praktijk Pietersen;+31 55 579 0384;https://www.praktijkpietersen.nl/;4.8;16;
Apeldoorn;Tandarts;Tandartspraktijk Apeldoorn Zuid;+31 55 533 3670;https://tandartspraktijkapeldoornzuid.nl/;4.9;10;
Apeldoorn;Tandarts;Beekpark Tandartsen;+31 55 522 4040;https://www.beekparktandartsen.nl/;4.0;47;
Apeldoorn;Tandarts;Wijsman en Koster Tandartsen;+31 55 534 6350;https://www.wktandartsen.nl/;4.7;57;
Apeldoorn;Tandarts;Luma Tandartspraktijk;+31 6 82607940;https://www.luma-tandartspraktijk.nl/;5.0;7;
Apeldoorn;Tandarts;Samenwerkende Tandartsen de Maten;+31 55 539 6587;https://www.tandarts-apeldoorn-maten.nl/;4.0;90;
Apeldoorn;Tandarts;Verwijspraktijk De Mondhoek;+31 55 521 2277;https://www.mondhoek.nl/;4.6;161;
Apeldoorn;Tandarts;Veluwe Tandartsen;+31 55 781 0020;http://www.veluwetandartsen.nl/;4.5;31;
Apeldoorn;Tandarts;Dental Clinics Apeldoorn Zonnedauw;+31 55 521 6125;https://www.dentalclinics.nl/;4.2;176;
Apeldoorn;Tandarts;Samenwerkende Tandartsen de Parken;+31 55 576 2577;https://www.tandarts-apeldoorn-parken.nl/;4.5;41;
Apeldoorn;Tandarts;Tandpunt Apeldoorn;+31 55 200 2432;https://tandpuntapeldoorn.nl/;5.0;11;
Nijmegen;Dierenarts;Dierenkliniek St. Anna 404;+31 24 355 0734;http://www.sintanna404.nl/;4.6;197;
Nijmegen;Dierenarts;Dierenkliniek Hees;+31 24 377 7596;http://www.dierenkliniekhees.nl/;4.6;231;
Nijmegen;Dierenarts;Dierenkliniek de Aam;+31 85 400 0124;https://www.dierenkliniekdeaam.nl/;4.8;93;
Nijmegen;Dierenarts;Dierenkliniek Dukenburg;+31 24 344 9449;https://www.dierenkliniekdukenburg.nl/;4.6;263;
Nijmegen;Dierenarts;Dierenkliniek Broerdijk;+31 24 322 5331;http://www.dierenkliniekbroerdijk.nl/;4.5;144;
Nijmegen;Dierenarts;Dierenkliniek Pijnappel;+31 24 323 0320;http://www.dierenkliniekpijnappel.nl/;4.5;242;
Nijmegen;Dierenarts;Dierenkliniek Lindenholt;+31 24 388 6088;http://www.dierenklinieklindenholt.com/;4.5;161;
Nijmegen;Dierenarts;Dierenkliniek De Waalsprong;+31 24 303 1101;http://www.dierenkliniekdewaalsprong.nl/;4.7;266;
Nijmegen;Dierenarts;Dierenkliniek Lent;+31 24 360 6422;https://www.dierenklinieklent.nl/;4.6;122;
Nijmegen;Dierenarts;Dierenambulance Nijmegen;+31 24 355 0222;http://www.dierenambulancenijmegen.nl/;4.7;87;
Arnhem;Fysiotherapie;Fysio Donders;+31 26 443 3523;https://www.fysiodonders.nl/;4.7;549;
Arnhem;Fysiotherapie;Fysio Velperweg;+31 26 445 3719;http://fysiovelperweg.nl/;4.6;27;
Arnhem;Fysiotherapie;Arnhem West Fysio;+31 26 845 0282;http://www.arnhemwestfysio.nl/;5.0;3;
Arnhem;Fysiotherapie;Fysiotherapie Cranevelt;+31 6 81402672;http://www.fysiotherapiecranevelt.nl/;5.0;76;
Arnhem;Fysiotherapie;Het Fysiotherapeutisch Instituut;+31 26 361 0057;http://www.fysio-instituut.nl/;4.5;15;
Arnhem;Fysiotherapie;Lightning Recovery & Performance;+31 26 202 2935;https://recovery-fysio.nl/;5.0;10;
Arnhem;Fysiotherapie;Fysiotherapie Rijnkade;+31 26 445 2525;http://www.fysiotherapierijnkade.nl/;4.7;14;
Velp;Fysiotherapie;Fysio Donders Velp;+31 26 443 3523;https://fysiodonders.nl/;4.7;196;
Arnhem;Fysiotherapie;Fysiotherapie Vitaal;+31 6 10205862;http://www.fysiotherapievitaal.nl/;4.9;41;
Arnhem;Fysiotherapie;Fysiotherapie Sonswijck;+31 26 443 0154;http://www.fysiosonswijck.nl/;4.2;10;
Arnhem;Loodgieter;Loodgieterram;+31 6 34389878;http://www.loodgieterram.nl/;5.0;413;
Arnhem;Loodgieter;Lekbeheer;+31 85 080 5588;https://www.lekbeheer.net/;4.9;48;
Arnhem;Loodgieter;Loodgieter Arnhem Spoed 026;+31 26 202 2059;https://www.loodgieterarnhem026.nl/;1.0;3;
Arnhem;Loodgieter;Ontstoppingsbedrijf Arnhem;+31 26 669 0296;https://ontstoppingsbedrijfarnhem.com/;4.9;15;
Arnhem;Loodgieter;Totaalinstallateur Herestein;+31 26 443 1501;http://www.herestein.com/;4.1;46;
Arnhem;Loodgieter;Ontstoppingsdienst Arnhem;+31 6 21882232;http://www.ontstoppingsdienstarnhem.nl/;5.0;102;
Arnhem;Loodgieter;Beekmans Loodgieter;+31 13 536 3927;http://beekmansloodgieter.nl/;5.0;15;
Arnhem;Loodgieter;wgv installatie;+31 6 50645998;https://www.wgvinstallatie.nl/;4.9;32;
Arnhem;Loodgieter;MH Installatietechniek;+31 6 53921291;https://www.mhainstallatietechniek.nl/;5.0;4;
Arnhem;Loodgieter;Bröker Installatietechniek;+31 26 234 0505;https://brokerinstallatie.nl/;4.9;84;
Nijmegen;Rijschool;Rijschool NivoXL;+31 6 10559944;http://www.nivoxl.nl/;4.8;538;
Nijmegen;Rijschool;Rijschool Paul Lam;+31 24 377 0143;https://www.paullam.nl/;4.9;344;
Wijchen;Rijschool;ANWB Rijschool Nijmegen;+31 24 744 0599;https://www.anwb.nl/;4.8;421;
Nijmegen;Rijschool;024drive Rijschool;+31 6 20002127;https://www.024drive.nl/;4.9;200;
Nijmegen;Rijschool;Autorijschool Speed;+31 85 043 3070;http://www.rijschool-speed.nl/;4.7;244;
Nijmegen;Rijschool;NOVA Verkeersopleidingen;+31 24 388 2000;http://www.nova-verkeersopleidingen.nl/;4.7;181;
Nijmegen;Rijschool;Rijschool Connectie Nijmegen;+31 6 46552565;https://rijschoolconnectie.nl/;5.0;60;
Nijmegen;Rijschool;Rijschool Creatief;+31 6 81306406;https://www.rijschoolcreatief.nl/;5.0;74;
Nijmegen;Rijschool;Autorijschool Cinodrive;+31 6 42711765;https://rijschoolcinodrive.nl/;5.0;64;
Arnhem;Tandarts;Tandheelkundig Centrum Arnhem Noord;+31 26 443 5190;http://www.tcan.nl/;4.5;289;
Arnhem;Tandarts;Tandartspraktijk Royal Dental;+31 6 49258311;https://www.royaldentalpraktijk.nl/;5.0;152;
Arnhem;Tandarts;Mondzorg Velperweg;+31 26 361 4731;https://www.mondzorgvelperweg.nl/;4.2;109;
Arnhem;Tandarts;Arnhem Dental;+31 26 389 3330;https://arnhemdental.nl/;3.7;29;
Arnhem;Tandarts;Tandpark;+31 26 303 1247;http://tandpark.nl/;4.5;379;
Arnhem;Tandarts;Tandartspraktijk Rijnzigt;+31 26 442 2519;http://www.rijnzigt.nl/;4.7;13;
Arnhem;Tandarts;Dental365 Spoedtandarts Arnhem;+31 900 1515;https://dental365.nl/;4.0;128;
Arnhem;Tandarts;Tandarts Arnhem Zuid;+31 26 323 1112;https://tandartsarnhemzuid.nl/;3.8;28;
Arnhem;Tandarts;Tandzorg Arnhem;+31 26 361 5100;https://tandzorgarnhem.nl/;2.8;27;
Arnhem;Tandarts;Tandarts in het Span;+31 26 202 2426;http://www.tandartsinhetspan.nl/;5.0;3;
Nijmegen;Kapper;Kapsalon Sina;+31 6 82041299;http://www.kapsalonsina.nl/;5.0;474;
Nijmegen;Kapper;Hair & Looks Nijmegen;+31 24 360 3110;https://hairandlooks.nl/;4.8;127;
Nijmegen;Kapper;Hezel Hair;+31 6 22512078;https://www.hezelhair.com/;4.9;53;
Nijmegen;Kapper;Haarstudio Hatert;+31 6 44448908;https://haarstudiohatert.nl/;4.8;163;
Nijmegen;Kapper;Barbershop Nijmegen Centrum;+31 6 48338788;https://barbershopnijmegencentrum.nl/;4.9;203;
Nijmegen;Kapper;De Daameskamer Kappers;+31 24 206 3659;https://daameskamer.nl/;4.9;120;
Nijmegen;Kapper;Friendly Hairdesign;+31 24 203 6250;https://friendlyhairdesign.nl/;4.9;195;
Nijmegen;Kapper;Scissors Up;+31 6 46380298;https://scissorsup.nl/;5.0;16;
Nijmegen;Kapper;De Heerenkamer Kappers;+31 24 322 1026;https://www.heerenkamerkappers.nl/;4.9;99;
Nijmegen;Kapper;Blink Kappers;+31 24 360 4404;http://www.blinkkappers.nl/;4.7;69;
Eindhoven;Dierenarts;Dierenziekenhuis Eindhoven;+31 40 304 0054;https://www.dierenziekenhuiseindhoven.nl/;4.7;559;
Eindhoven;Dierenarts;Petcare Dierenartsen;+31 40 751 0522;https://www.petcaredierenartsen.nl/;4.4;836;
Eindhoven;Dierenarts;AniCura 'T Heike Eindhoven;+31 40 257 1517;https://www.anicura.nl/;4.7;240;
Eindhoven;Dierenarts;Dier en Dokter Stratum;+31 40 211 2450;https://www.dier-en-dokter.nl/;4.4;216;
Eindhoven;Dierenarts;DierenDokters Kalmoesplein;+31 40 212 6126;http://www.dierendokters.com/;4.6;226;
Eindhoven;Dierenarts;Dierenkliniek Nederlandplein;+31 40 292 6909;https://www.dierenklinieknederlandplein.nl/;4.7;259;
Eindhoven;Dierenarts;Dierenkliniek Achtse Barrier;+31 40 241 6194;https://www.dierenkliniekachtsebarrier.nl/;4.5;126;
Eindhoven;Dierenarts;Dierenkliniek Tongelre;+31 40 281 1910;https://dierenkliniektongelre.nl/;4.5;233;
Eindhoven;Dierenarts;Dierenkliniek Gestel;+31 40 255 0278;http://www.dierenkliniekgestel.nl/;4.6;170;
Eindhoven;Dierenarts;Dier en Dokter Hoogstraat;+31 40 257 0057;https://www.dier-en-dokter.nl/;4.0;54;
Tilburg;Dierenarts;Dierenartsenpraktijk Tilburg;+31 13 467 4590;http://dierenartstilburg.com/;4.5;302;
Tilburg;Dierenarts;Dierenkliniek Tilburg Oud Noord;+31 13 303 1818;http://www.dierenkliniektilburgoudnoord.nl/;4.7;81;
Tilburg;Dierenarts;Dierenkliniek Stokhasselt;+31 13 504 2402;http://www.damb.nl/;4.7;255;
Tilburg;Dierenarts;Dierenkliniek Mortelplein;+31 13 463 0056;https://www.dierenkliniekdenherd.nl/;4.5;182;
Tilburg;Dierenarts;Dierenkliniek Smarius;+31 13 570 0117;http://www.dierenklinieksmarius.nl/;4.7;728;
Tilburg;Dierenarts;Dierenkliniek Oerle;+31 13 542 5529;http://www.dierenkliniekoerle.nl/;4.7;259;
Tilburg;Dierenarts;Dierenkliniek Den Herd;+31 13 542 0274;https://www.dierenkliniekdenherd.nl/;4.5;419;
Tilburg;Dierenarts;Vets Place Tilburg Aabe;+31 13 207 7117;https://www.vetsplace.nl/;4.0;69;
Tilburg;Dierenarts;Vets Place Tilburg Umberstraat;+31 13 207 7900;https://www.vetsplace.nl/;4.4;33;
Tilburg;Dierenarts;Dierenkliniek Den Besterd;+31 13 513 4754;http://www.dierenkliniekdenbesterd.nl/;3.3;51;
Son;Rijschool;Autorijschool Eindhoven;+31 6 41447282;https://autorijschooleindhoven.com/;5.0;185;
Eindhoven;Rijschool;Rijschool Kwaliteit Eindhoven;+31 40 303 5154;https://rijschoolkwaliteiteindhoven.nl/;4.8;943;
Eindhoven;Rijschool;Automaat Rijles Eindhoven;+31 6 23315037;https://www.rs-solid.nl/;4.9;214;
Eindhoven;Rijschool;Rijschool EHVLegend;+31 6 18680008;https://ehvlegend.nl/;4.9;77;
Eindhoven;Rijschool;Start Driving Eindhoven;+31 6 48630007;https://www.startdrivingeindhoven.nl/;5.0;73;
Eindhoven;Rijschool;Autorijschool Martijn;+31 6 30369575;https://www.autorijschoolmartijn.nl/;4.9;63;
Eindhoven;Rijschool;Rijschool Wildenberg;+31 40 211 9942;http://www.rijschoolwildenberg.nl/;4.9;1091;
Eindhoven;Rijschool;Rijschool Reza;+31 40 231 0997;https://www.rijschoolreza.nl/;5.0;77;
Eindhoven;Rijschool;Rijles4u;+31 6 81026217;https://www.rijles4u.nl/;4.9;143;
Eindhoven;Rijschool;Rijschool Fit2drive;+31 6 44589377;https://fit2drive.nl/;5.0;36;
Eindhoven;Kapper;Tino Novelli Hair;+31 40 243 0090;http://www.tinonovellihair.nl/;4.5;46;
Eindhoven;Kapper;Kapsalon Milan;+31 40 879 5229;https://www.facebook.com/KapsalonMilan/;4.6;860;
Eindhoven;Kapper;Hair & Looks Eindhoven;+31 40 245 0603;https://hairandlooks.nl/;4.7;157;
Eindhoven;Kapper;Arena Kappers Eindhoven;+31 40 246 0661;http://www.arenakappers.nl/;4.7;214;
Eindhoven;Kapper;Kapsalon Kimo;+31 6 35628474;https://kapsalonkimo.netlify.app/;4.9;170;
Eindhoven;Kapper;Glamour Kapper Eindhoven;+31 40 842 3476;https://glamour.studio/;4.7;308;
Eindhoven;Kapper;Reon Hairstylist;+31 40 211 1970;http://www.reon.nl/;4.9;23;
Eindhoven;Kapper;Amore Beauty (Strijp);+31 6 18625682;https://www.amorebeauty.nl/;4.5;180;
Eindhoven;Kapper;S.M Kapsalon;+31 6 87007325;https://www.s-m-kapsalon.nl/;5.0;97;
Eindhoven;Kapper;Aissa Barber (Strijp);+31 6 13320022;https://www.aissakapperszaak.nl/;4.6;331;
Tilburg;Rijschool;Verkeersopleider Tilburg;+31 85 820 0916;http://verkeersopleider.nl/;5.0;489;
Tilburg;Rijschool;Start Driving Tilburg;+31 6 48630007;https://www.rijschoolstartdriving.nl/;4.9;670;
Tilburg;Rijschool;Rijschool Souldrive;+31 6 11808513;http://www.souldrive.nl/;5.0;336;
Tilburg;Rijschool;Verkeersschool Tilburg;+31 13 535 6935;http://www.verkeersschooltilburg.nl/;3.8;49;
Tilburg;Rijschool;Rijschool Leskundig;+31 6 13764444;https://rijschoolleskundig.nl/;5.0;65;
Tilburg;Rijschool;Rijschooltilburg.com;+31 6 42483494;https://rijschooltilburg.com/;5.0;1;
Tilburg;Rijschool;Rijschool Het Zwaantje;+31 6 36458145;https://www.rijschoolhetzwaantje.nl/;5.0;66;
Tilburg;Rijschool;Verkeersopleider Theorie Tilburg;+31 85 820 0913;https://verkeersopleider.nl/;5.0;23;
Tilburg;Rijschool;ANWB Rijschool Tilburg;+31 13 744 0599;https://www.anwb.nl/;4.7;55;
Tilburg;Rijschool;Motorrijles Tilburg;+31 6 42483494;https://motorrijlestilburg.nl/;4.9;62;
Tilburg;Kapper;Barbershop Ismat;+31 6 38892185;;4.9;337;
Tilburg;Kapper;Omran Salon;+31 13 303 0033;https://online-omransalon.flexxis.nl/;5.0;654;
Tilburg;Kapper;Ali's Kapsalon/Barber;+31 6 25190998;;4.9;189;
Tilburg;Kapper;Fleur Hairstyling;+31 13 542 7961;http://www.fleurhairstyling.nl/;4.8;62;
Tilburg;Kapper;Kapsalon Lifestyle;+31 6 50571637;;4.9;28;
Tilburg;Kapper;Diva Kappers;+31 13 542 3021;http://www.diva-kappers.nl/;4.5;187;
Tilburg;Kapper;Kapsalon Bij Nienke;+31 13 542 2797;http://www.bijnienke.nl/;4.7;148;
Tilburg;Kapper;Kapper Umut Tilburg;+31 6 81953339;;4.5;105;
Tilburg;Kapper;Zijn & Haar Mode Kappers;+31 13 542 3663;https://www.zijnhaarmode.nl/;4.9;158;
Tilburg;Kapper;Vente's Hairfashion;+31 13 536 5120;;4.8;11;
Maastricht;Loodgieter;Olieslagers Installaties;+31 6 43477159;https://www.olieslagersinstallaties.nl/;5.0;25;
Maastricht;Loodgieter;Loodgietersbedrijf Kash;+31 6 53412308;http://www.kashloodgieter.nl/;4.5;13;
Maastricht;Loodgieter;GJ Installaties;+31 6 31150314;http://www.gjinstallaties.nl/;5.0;13;
Maastricht;Loodgieter;Fabio Jeurissen Installaties;+31 6 54124954;https://m.facebook.com/profile.php?id=102852341625184;5.0;29;
Maastricht;Loodgieter;De Klussenbox (loodgieter/elektr.);+31 6 13883611;https://www.deklussenbox.nl/;4.9;161;
Maastricht;Loodgieter;Loodgieter Maastricht (Kortleven);+31 6 25383310;https://www.installatiebedrijf-kortleven.nl/;4.2;5;
Maastricht;Loodgieter;Heuvel Ton van den Installatiebedrijf;+31 43 321 2994;http://www.loodgietervandenheuvel.nl/;3.1;7;
Maastricht;Loodgieter;Loodgieter- en servicebedrijf Hub;+31 43 321 8440;https://www.loodgietersbedrijfhub.nl/;1.0;1;
Maastricht;Loodgieter;Rions BV;+31 43 321 4978;https://www.rions.nl/;4.3;135;
Maastricht;Fysiotherapie;Physio Health Maastricht;+31 6 25091883;http://www.physio-health.nl/;4.8;18;
Maastricht;Fysiotherapie;Fysio Centrum Maastricht;+31 43 321 6870;https://www.fysiocentrummaastricht.nl/;5.0;8;
Maastricht;Fysiotherapie;Fysiotherapie Hof;+31 43 204 1255;https://fysiotherapiehof.nl/;5.0;26;
Maastricht;Fysiotherapie;ReCode Health Fysiotherapie;+31 6 51132179;http://www.recodehealth.nl/;5.0;12;
Maastricht;Fysiotherapie;Fysio & Leefstijl Maastricht;+31 6 13529713;https://www.guus-rothuizen.com/;5.0;21;
Maastricht;Fysiotherapie;Fysio Vitaal Maastricht;+31 43 321 9540;http://www.fysiovitaalmaastricht.nl/;5.0;10;
Maastricht;Fysiotherapie;Fysiotherapie Céramique;+31 43 351 0501;http://www.fysiotherapieceramique.nl/;4.9;21;
Maastricht;Fysiotherapie;Fysio043;+31 43 347 7877;http://www.fysio043.nl/;4.9;27;
Maastricht;Fysiotherapie;Fysio Mosae Maastricht;+31 43 347 4073;http://www.fysiomosae.nl/;4.9;16;
Maastricht;Tandarts;Bolwerk Tandartsen;+31 43 321 4885;https://www.bolwerktandartsen.nl/;4.8;220;
Maastricht;Tandarts;Dental Clinics Maastricht Centrum;+31 43 325 1545;https://www.dentalclinics.nl/;4.4;481;
Maastricht;Tandarts;TP Maastricht;+31 43 362 6155;https://tpmaastricht.nl/;4.8;4;
Maastricht;Tandarts;TEC Maastricht;+31 43 363 6392;https://tecmaastricht.nl/;4.6;59;
Maastricht;Tandarts;Dental Clinics Maastricht Heerderrein;+31 43 361 4521;https://www.dentalclinics.nl/;4.7;357;
Maastricht;Tandarts;Dental Clinics Maastricht Scharn;+31 43 325 1545;https://www.dentalclinics.nl/;4.6;346;
Maastricht;Tandarts;Mondzorg Maastricht;+31 88 500 2100;https://www.mondzorgmaastricht.nl/;4.4;55;
Maastricht;Tandarts;De Drietand Tandheelkundig Centrum;+31 43 321 0206;https://www.dedrietand.nl/;4.0;73;
Maastricht;Tandarts;Tandartspraktijk Herwig;+31 43 310 0150;http://www.tandartsherwig.nl/;4.8;28;
Maastricht;Tandarts;Mondzorg Mosae Forum;+31 43 205 0900;http://www.mzmf.nl/;3.6;29;
Zwolle;Tandarts;Dental Clinics Zwolle;+31 38 421 3800;https://www.dentalclinics.nl/;4.7;965;
Zwolle;Tandarts;Tandarts & Mondhygiënist Noordereiland;+31 38 421 9177;https://tnoz.nl/;4.7;270;
Zwolle;Tandarts;Tandartsengroepspraktijk Vrijheid;+31 38 466 9152;https://www.vrijheidtandartsen.nl/;4.2;31;
Zwolle;Tandarts;Tandartsenpraktijk Postema;+31 38 465 7544;https://tandartsenpraktijkpostema.nl/;4.5;8;
Zwolle;Tandarts;Mondzorg Centrum Overtoom;+31 38 200 9999;https://www.mondzorgcentrumovertoom.nl/;4.5;52;
Zwolle;Tandarts;Tandartsenpraktijk Forelkolk;+31 38 465 1697;http://www.tandartsenpraktijkforelkolk.nl/;4.7;15;
Zwolle;Tandarts;Atiq Tandartsen Zwolle;+31 38 303 1003;http://www.tandarts-zwolle.nl/;4.9;41;
Zwolle;Tandarts;Tandartsen Centrum Zwolle;+31 38 453 0436;https://www.tandartsencentrumzwolle.nl/;3.0;2;
Zwolle;Tandarts;Tandartspraktijk Hanekamp;+31 38 200 1627;https://www.tandartspraktijkhanekamp.nl/;4.9;15;
Zwolle;Tandarts;Tandartspraktijk De Brink;+31 38 853 6400;http://www.tandartspraktijkdebrink.nl/;4.3;58;
Zwolle;Loodgieter;Loodgietersbedrijf Nero;+31 6 47365095;http://www.loodgietersbedrijfnero.nl/;4.8;31;
Zwolle;Loodgieter;Ontstoppingsbedrijf Zwolle;+31 38 369 0298;https://ontstoppingsbedrijfzwolle.net/;4.8;16;
Zwolle;Loodgieter;Technicomp Installatietechniek;+31 38 234 0250;https://www.technicomp.nl/;4.6;11;
Zwolle;Loodgieter;Kuiper Loodgietersbedrijf (Nooter);+31 38 453 5121;http://www.kuiper-zwolle.nl/;5.0;1;
Zwolle;Loodgieter;JF Installatieservice;+31 6 44374990;https://www.jfinstallatieservice.nl/;4.6;9;
Oldebroek;Loodgieter;Loodgietersbedrijf Zwolle;+31 85 800 7127;;4.5;8;
Zwolle;Loodgieter;P. Bloemert;+31 38 453 0063;;5.0;3;
Zwolle;Loodgieter;R.Z. Installatietechniek;+31 38 234 0711;http://rzinstallatietechniek.nl/;4.7;37;
Zwolle;Loodgieter;Riool Ontstoppen Zwolle;+31 38 202 3488;https://rioolontstoppenzwolle.nl/;5.0;4;
Zwolle;Loodgieter;Postma Totaaltechniek;+31 6 20543672;http://www.postmatotaaltechniek.nl/;4.7;6;
Zwolle;Fysiotherapie;DTC Fysiotherapie Zwolle;+31 38 421 6394;https://www.dtczwolle.nl/;4.9;47;
Zwolle;Fysiotherapie;FysioZwolle Zorg Punt Zuid;+31 38 465 4000;http://www.fysiozwolle.nl/;4.7;38;
Zwolle;Fysiotherapie;Fysiotherapie with Joy;+31 6 38348655;https://www.fysiotherapiewithjoy.nl/;5.0;85;
Zwolle;Fysiotherapie;De Fysiotherapeut Zwolle;+31 38 303 0090;http://www.defysiotherapeutzwolle.nl/;5.0;6;
Zwolle;Fysiotherapie;FysioPlus Zwolle;+31 38 453 5503;https://www.fysiopluszwolle.nl/;4.9;66;
Zwolle;Fysiotherapie;Fysiotherapie Dieze Oost;+31 38 454 6221;https://www.zwollefysio.nl/;4.9;9;
Zwolle;Fysiotherapie;FysioZwolle Van der Capellen;+31 38 465 4000;http://fysiozwolle.nl/;4.2;10;
Zwolle;Fysiotherapie;Westenholte Fysio & Fitness;+31 38 457 9491;https://westenholtefit.nl/;4.8;61;
Zwolle;Fysiotherapie;TAPA Zwolle;+31 6 47150394;https://tapa.nl/;4.9;170;
